"chunk_id","relevance_score","vector_similarity_score","llm_evaluation_score","llm_evaluation_text","title","date","url","content"
"1","0.7178683280944824","0.7178683280944824","1","Score: 10.0/10 - Dieser Text ist äußerst relevant. Die Leserbriefe kommentieren eine Buchbesprechung über den Behavioristen B.F. Skinner. Mehrere Briefe (von Fritz-Gerhard Schmidt und Adolf Dannenberg) verbinden Skinners Theorien und ihre pädagogische Anwendung explizit mit der aktuellen Entwicklung von 'computerisiertem Unterricht' und 'Lehrprogrammen'. Es werden konkrete Ängste vor einer entmündigenden, kontrollierenden Technologie geäußert, die mit 'Orwellschem 1984' und 'Horrorvisionen' gleichgesetzt wird. Dies ist ein klares Beispiel für die Angst vor der gesellschaftlichen und pädagogischen Anwendung von Computern (hier: Lehrmaschinen) und deren potentiell totalitären Konsequenzen.","Briefe","1973-07-01","https://www.spiegel.de/politik/geliebte-sklaverei-a-ea1d0633-0002-0001-0000-000041986568?context=issue","(Nr. 24/1973, Holmar von Ditfurth über B. F. Skinner: »Jenseits von Freiheit und Würde) Hat der Leser einer Buchbesprechung ein Recht auf Information? Die von H. v. Ditfurth gelieferte Besprechung gibt wenig Informationen über die Inhalte, wenn überhaupt. Sie liefert zweifellos nicht unwichtige Jedermann-Bewertungen. Die sind schon lesbar. Aber wer wissen möchte, wovon das Buch handelt, dem hilft die Besprechung nichts. Es sei denn, der Leser setzt allein auf das Prestige des Besprechers und die gut verpackten Bewertungen. Dann ist das Buch, aber nicht die Besprechung überflüssig. Wenn's aber umgekehrt wäre? Essen PROFESSOR DR. ERNST TIMAEUS Gesamthochschule Essen Fachbereich II -- Psychologie Entweder ruft man »du ahnungsloser Engel du, möge dir deine Naivität erhalten bleiben«, oder »du gewiefter Verschleierer, wer hat dich bezahlt?«. Was von Ditfurth als »aberwitzig« abtut, ist längst keine Vision mehr! Längst gibt es Lehrprogramme, längst gibt es computerisierten Unterricht, wo keiner mehr ausbrechen kann, wo keiner mehr selbständig denken darf. Hier in der Pädagogischen Psychologie und in den projektierten Schulplänen sind Möglichkeiten im Kommen und im Gebrauch, die auf Skinners Forschungsergebnissen beruhen. Wer wagt es. hier nicht Orwellsches 1984 zu fürchten? Empfehlung an den Rezensenten: Sich mit Lehrtechnologie auseinandersetzen, dann Skinner noch mal lesen. Vielleicht eröffnen sich ihm dann auch solche Horrorvisionen wie mir. Gießen FRITZ-GERHARD SCHMIDT Wenn von Ditfurth am Schluß seiner Besprechung die Gespenster-Gesellschaft »Skinners schöne neue Welt« nennt und fürchtet, »daß sich eines Tages jemand berufen fühlen könnte. so erinnert er an Aldous Huxley, der bereits vor »Diktatoren, Technokraten und gewissen Wissenschaftlern« wie den Behavioristen J. B. Watson und B. F. Skinner warnte und prophezeite: »Unter einem wissenschaftlich geschulten Diktator wird Erziehung wirklich etwas leisten -- mit dem Ergebnis, daß die meisten Menschen dazu heranwachsen werden, ihre Sklaverei zu lieben und sich nie von Revolution träumen zu lassen.« Und das ergibt einen weiteren Grund. Skinners Buch aufmerksam zu lesen: Wie dieses in den USA, so wurde die auf Skinners Verhaltenspsychologie basierende »Lernpsychologie« von W. Correll in der bundesrepublikanischen Pädagogischen Provinz ein Bestseller. Bremen ADOLF DANNENBERG Die Redaktion des SPIEGEL behält sich vor, Leserbriefe gekürzt zu veröffentlichen"
"2","0.8020673394203186","0.8020673394203186","0.9","Score: 9.0/10 - Der Text enthält Leserbriefe zur 'Computer-Revolution' mit expliziten Aussagen zu zeitgenössischen Ängsten (Arbeitsplatzverluste durch Rationalisierung, Ohnmacht des Menschen) und Hoffnungen (Befreiung von Routinearbeiten, Schaffung höher qualifizierter Jobs, kreative Dienstleistungen). Konkrete Zahlen (1,2 Millionen Arbeitsplätze) und kontroverse Positionen (Sozialisierungsforderung) bieten direkte Einblicke in die öffentliche Debatte.","Briefe","1978-05-14","https://www.spiegel.de/politik/kreativ-und-mitmenschlich-a-65bea2ed-0002-0001-0000-000040615407?context=issue","(Nr. 16/1978, SPIEGEL-Titel »Die Computer-Revolution"") Der Arbeiter in dem Titelphoto dreht dem Ungeheuer von Computer resigniert, die Arme schlapp herunterhängend, den Rücken zu und demonstriert so die Ohnmacht des Menschen. Schon die Hippies rebellierten gegen das Regiment einer von der Maschine determinierten Gesellschaft. Ihre sanfte Rebellion konnte leicht »weggefegt« werden. Der derzeitige Aufstand der jüngeren Generation gegen den »faustischen Handel« weist verzweifelte Züge auf. Hamburg VERONIKA GRUDINSKI Diese Entwicklung nur ein paar Schritte weiter gedacht, müßte es doch ein leichtes sein, Mensch-Maschinen zu bauen, welche die von den Arbeits-Robotern produzierten Güter verbrauchen. Boos (Rhld.-pf.) ERHARD HÖHN Die Maschinenstürmer waren und sind schlecht beraten. Nicht die Automation ist schlecht, sondern das soziale System. Lüchow (Nieders.) CHUBANSHE OUYA Zum Thema »Computer-Revolution« hat der Vater der Kybernetik, Norbert Wiener, schon 1947 (!) hellsichtig geurteilt: Stellt man sich ... diese zweite industrielle Revolution als abgeschlossen vor, so wird das durchschnittliche oder noch geringere menschliche Wesen nichts zu »verkaufen haben, was für irgend jemanden das Geld wert wäre. Die Antwort ist natürlich, daß wir eine Gesellschaft brauchen, die auf menschliche Werte gegründet ist und nicht auf Kaufen und Verkaufen. Düsseldorf VOLKER SCHWEISFURTH 1,2 Millionen Arbeitsplätze seien von 1970-77 wegrationalisiert worden. Das ist eine grobe Irreführung. Die Hauptursache ist konjunktureller Art. Die Mikroelektronik wird uns von Routinearbeiten befreien und höher qualifizierte Arbeitsplätze schaffen -- entsprechend dem ohnehin schon hohen Lohnniveau in unserem Lande, das nur dadurch auch in Zukunft zu halten sein wird. Die neuen Technologien werden eine Umstrukturierung unserer Arbeitsplätze zur Folge haben, aber keineswegs in dem negativen Sinn, wie von Ihnen beschrieben. München DR. RER. NAT. ERNST HOFMEISTER Wenn wir mit Minicomputern mehr und mehr vollautomatische Fabriken schaffen (Beispiel wenn eine Fabrik mit einem Dutzend Arbeitern den gesamten europäischen Bedarf an Glühbirnen produzieren kann), Auto- und Stahlproduktion ohne eine relevante Zahl von Arbeitnehmern auskommen, dann wird auch der überzeugte Anhänger einer Marktwirtschaft zu dem Ergebnis kommen müssen, daß man diese Produktion nicht mehr der Privatwirtschaft überlassen kann. Rationalisiert man also in die Sozialisierung hinein, wenn man sich keine Selbstbeschränkung auferlegt? Stuttgart PROFESSOR HANS TAXIS Die Chance liegt in der kreativen und mitmenschlich orientierten Dienstleistung, die unsere Gesellschaft wohl sehr nötig hat. Diese wird die Elektronik nie ersetzen können. Ob allerdings diese kreative und mitmenschlich orientierte Dienstleistung wirtschaftlich organisiert oder im privaten Bereich (sprich durch geeignete Arbeitszeitverkürzung) geschaffen wird, ist die Frage. Karlsruhe (Bad-Württ.) DR. H"
"3","0.7392538189888","0.7392538189888","0.9","Score: 9.0/10 - Dieser Leserbrief eines IG Metall-Experten thematisiert explizit 'Automation - Risiko und Chance'. Er diskutiert kontroverse Zahlen zu Arbeitsplatzfreisetzungen (1,5 Millionen), die Rolle des Wirtschaftswachstums und der Gewerkschaftsposition ('Wir fürchten nur jene, die mit der Technik unüberlegt hantieren'). Der Text bietet einen klaren, direkten Einblick in die gewerkschaftliche Perspektive mit ihren gemischten Hoffnungen (Chance) und Ängsten (Risiko).","Briefe","1966-09-25","https://www.spiegel.de/politik/furchtlos-a-7443c508-0002-0001-0000-000046414249?context=issue","Rezensenten machen Zitate oft durch Seitenangaben kenntlich. Kurt Pentzlins Besprechung von »Automation - Risiko und Chance« würde dieser Brauch in Verlegenheit bringen. Er könnte seine »1,5 Millionen Arbeitslosen jährlich« nicht belegen. Diese Formulierung existiert nur in der Arbeitgeberpropaganda. Das Ifo-Institut hat 1962 »eine jährliche Freisetzung von sechs von Hundert der erwerbstätigen Arbeitskräfte, publiziert und kürzlich (Ifo-Studien 1965) sogar noch höhere Prozentzahlen genannt. Ich habe 1963 nur ausgerechnet, wieviel sechs Prozent der Erwerbstätigen sind. Otto Brenner sagt (Seite 22): »Ob die Zahl der eingesparten Arbeitskräfte in der Bundesrepublik 1,3 oder 1,8 Millionen beträgt, ist nicht entscheidend. Wesentlich ist ihre Größenordnung. Diese Zahlen sagen allerdings nichts über etwaige Entlassungen aus. Sie zeigen lediglich das erforderliche Wirtschaftswachstum, eventuell korrigert durch Arbeitszeitverkürzungen, wenn Vollbeschäftigung erhalten beziehungsweise die Weiterbeschäftigung eingesparter Arbeitnehmer gesichert werden soll.« Der Staatssekretär Claussen erhielt aus zwei Gründen schlechte Noten. Erstens schnitt die Bundesregierung mit ihrer Stellungnahme im Vergleich zu zwei internationalen Organisationen und drei anderen nationalen Regierungen am schlechtesten ab. Zweitens verkündete er (Seite 140): »Die Perser faßten ihr Bildungsziel zusammen in der Forderung an ihre Jugend: Reiten, Bogenschießen und die Wahrheit sagen, was auch heute abgewandelt und zum Teil wörtlich gelten könnte.« Pentzlin behauptet, die amerikanische Wettbewerbswirtschaft habe allein im letzten Jahr fast zweieinhalb Millionen neue Arbeitsplätze geschaffen. Rechnet Pentzlin auch massive Strukturprogramme und Steuersenkungen, Johnsons Feldzug gegen die Armut und die wirtschaftlichen Wirkungen des Vietnamkrieges zu den Kräften des Wettbewerbs? Sind die zirka eine Million Arbeitsplätze, welche die Bundeswehr (einschließlich Versorgung) für ausländische »Gäste« schuf, auch ein Ergebnis des Wettbewerbs? Die Gewerkschaften haben keine Angst vor Robotern. Die IG Metall bekommt demnächst einen eigenen Computer. Wir fürchten nur jene, die mit der Technik unüberlegt hantieren und riskieren, eine große Chance zu verspielen. Frankfurt DR. GÜNTER FRIEDRICHS Leiter der Abteilung Automation beim Vorstand der IG Metall"
"4","0.719089150428772","0.719089150428772","0.9","Score: 9.0/10 - Dieser Text ist hochrelevant. Mehrere Leserbriefe greifen das Thema Arbeitslosigkeit und staatliche Eingriffe auf und kritisieren dabei eine als zu wirtschaftsliberal empfundene Autorin. Konkret wird der 'technische Wandel' als eine Ursache für Probleme genannt (Berlin Roderich Boes). Der Brief von Joachim Hentschel (IG Metall) betont, dass die 'Arbeitslosigkeit' nicht nur ein Einkommensverlust, sondern ein schwerer psychischer Schaden sei. Die explizite Nennung des 'technischen Wandels' als Problemfeld und die emotionale Diskussion über die Folgen von Arbeitslosigkeit bieten direkte Einblicke in zeitgenössische Ängste im Kontext des Strukturwandels.","Briefe","1979-01-14","https://www.spiegel.de/politik/velfluchtel-fleiel-malkt-a-137ae9e2-0002-0001-0000-000040351288?context=issue",". Es ist auch unwahrscheinlich, daß ein Markt sich selbst helfen kann, wenn sich auf ihm subventionspralle Auslandskonkurrenten tummeln. Hanau (Hessen) PETER UNVERICHT Die gedankliche Unschärfe dieses Essays verschleiert dessen demagogische Redundanz. Die »Mißerfolge« staatlicher Eingriffe -- Butterberge, Kohlehalden -- sind keine Beweisstücke, sie gehören zur Fragestellung: Sind Eingriffe trotz dieser Nachteile moralisch geboten? Die Erfolge sozial motivierter Eingriffe sind logischerweise nicht im wirtschaftlichen, sondern im sozialen Bereich zu suchen. Sie haben ihren wirtschaftlichen Preis. Die Gebote von Moral und Logik aber scheinen die Autorin nicht zu bekümmern. Sie huldigt einer blutleeren ökonomischen Effizienz und sieht die Einkommenseinbuße als den »eigentlichen Schrecken der Arbeitslosigkeit«. Das ist nachweislich falsch. Der Arbeitsplatz ist für das Selbstgefühl von entscheidender Bedeutung. Der entwurzelte Arbeitnehmer erleidet oft schwere psychische Belastungen. Sozialdemokraten, die den Staat -- zu Renate. Merkleins Bedauern -»lenkend, stützend, planend« eingreifen lassen, scheinen das Wesensmerkmal einer freiheitlichen Ordnung, die Menschenwürde, höher zu veranschlagen als die Autorin. Berlin RODERICH BOES Butterberge und Kohlehalden, Bettenberge und marode Werftindustrie, Arbeitslosigkeit und Probleme des technischen Wandels, immer schnellere Entwicklung der Produktivkräfte und das Nicht-mehr-Schritthalten der Nachfrage -- dies und alle sonstigen wirtschaftspolitischen Schwierigkeiten unserer Tage sind also leicht lösbar! -- Man muß nur dem Rezept der Dame M. folgen: Man nehme: ein bißchen Schumpeter und mehr Marktanpassung, ein wenig Keynes und weniger staatliche Eingriffe, vielleicht noch etwas Lohnverzicht der Arbeitnehmer und natürlich einen kräftigen Schuß Abbau staatlicher Sozialleistungen, damit die Unternehmer vom viel zu hohen Kostendruck befreit werden, schüttle das Ganze ordentlich durch ein Sieb, damit auch der letzte Rest Interventionismus drin hängenbleibe, und schon ist die Welt wieder heil (liberal?), bekommt jeder, was er verdient, und die Stamokaps und die Kloses einschließlich der Gewerkschaften können endlich lernen, wie man »vernünftige« Wirtschaftspolitik macht. Haste was, biste was! Der Arbeiter, dem man im Stahlwerk keine Lohnerhöhung mehr geben kann, braucht schließlich nur in der Käsefabrik eine besser bezahlte Stelle anzunehmen! -- Warum ist der dumme Kerl nur bis heute nicht darauf gekommen? In welchem Land lebt diese Essay-Schreiberin eigentlich? Mönchengladbach JOACHIM HENTSCHEL Sekretär der IG Metall »Wer nie sein Brot mit Tränen aß ...«, der kann so leichtfertig über Arbeitslosigkeit daherreden wie Frau Renate Merklein. Wer selbst einmal arbeitslos war, der weiß darum, daß man daran zerbrechen kann, an den Rand des Geschehens gespült zu sein"
"5","0.7449323832988739","0.7449323832988739","0.8","Score: 8.0/10 - Der Text thematisiert explizit 'technischen Fortschritt' und seine Auswirkungen auf Arbeitsproduktivität, Realeinkommen und Arbeitslosigkeit. Er diskutiert die widersprüchlichen Hoffnungen (Wohlstandssteigerung, internationale Wettbewerbsfähigkeit) und Ängste ('katastrophale Freisetzungen', Arbeitslosigkeit bei Verweigerung des Fortschritts). Die Argumentation ist affektiv aufgeladen und stellt einen zentralen Diskussionspunkt der Ära dar.","Briefe","1978-05-14","https://www.spiegel.de/politik/kreativ-und-mitmenschlich-a-65bea2ed-0002-0001-0000-000040615407?context=issue",". Diese wird die Elektronik nie ersetzen können. Ob allerdings diese kreative und mitmenschlich orientierte Dienstleistung wirtschaftlich organisiert oder im privaten Bereich (sprich durch geeignete Arbeitszeitverkürzung) geschaffen wird, ist die Frage. Karlsruhe (Bad-Württ.) DR. H. REMPP Ohne die dem »Fortschritt« innewohnende Erhöhung der Arbeitsproduktivität wären weder die in der Bundesrepublik schon fast zur Gewohnheit gewordenen Erhöhungen der Realeinkommen noch die in den letzten Jahrzehnten durchgeführten Verkürzungen der Arbeitszeit möglich gewesen. Günter Friedrichs und andere namhafte Ökonomen hatten bereits auf den internationalen Arbeitstagungen der Industriegewerkschaft Metall der Jahre 1963, 1965 und 1968 vor den katastrophalen Freisetzungen gewarnt, die der technische Fortschritt zur Folge haben würde, ohne daß diese Prognosen in dem prophezeiten Umfang eintrafen, weil die durch die erhöhten Realeinkommen ermöglichte Steigerung der Güternachfrage die in einer Industrie verlorengegangenen Arbeitsplätze durch neue Arbeitsplätze an anderer Stelle wieder ersetzte. Es gibt keine Erhöhungen der Realeinkommen und damit des Wohlstandes ohne Erhöhung der Arbeitsproduktivität. Es gibt leider auch keine wirtschaftliche Entwicklung ohne vorübergehende Friktions- beziehungsweise Entwicklungsarbeitslosigkeit. Es verliert andererseits aber auch ein Land, in dem (wie etwa in Großbritannien) der Fortschritt künstlich gebremst wird, seine internationale Konkurrenzfähigkeit: es wird rückständig. Wer in einem Land wie der Bundesrepublik, in dem etwa jeder vierte Werktätige für den Export arbeitet, sich gegen den »Fortschritt« entscheidet, riskiert eine Vervielfachung der schon jetzt zu hohen Arbeitslosigkeit. Berlin PROFESSOR DR. JUR. DR. RER. POL. DR. H. C. HELMUT ARNDT"
"6","0.7239743769168854","0.7239743769168854","0.8","Score: 8.0/10 - Direkter und expliziter Bezug. Der Text kritisiert Manager, die Prognosen von 'Computerknechten' glaubten, was zu Fehlinvestitionen, Überkapazitäten und Entlassungen führte. Zeigt deutlich die Angst vor Arbeitsplatzverlust durch fehlgeleitete computergestützte Planung und die Skepsis gegenüber technokratischen Prognosen. Enthält affektive Begriffe wie 'irrsinnig', 'eklatant', 'Kollaps'.","Briefe","1975-08-10","https://www.spiegel.de/politik/nur-noch-gefeuert-a-93b52756-0002-0001-0000-000041471217?context=issue","(Nr. 32/1975, Angestellte) Daß jetzt auch das »Heer der Angestellten« und vorwiegend das Fußvolk unter ihnen, das oft genug den Sand sieben mußte für die naiven Sandkastenspiele der Top-Manager, von Entlassungen betroffen ist, wen wundert's noch. In den Vorstandsetagen glaubten Bosse und Manager den wissenschaftlich verbrämten Prognosen der Politiker, Weisen, Experten. Computerknechten und anderen Säulenheiligen mehr als dem gesunden Menschenverstand. Eine Unmasse der Pläne. Voraussagen. oft mit irrsinnigem Aufwand erstellt, erwiesen sich glatt als Makulatur. Die vorausgesagten Zuwachsraten in vielen Industriebereichen führten zu eklatanten Überkapazitäten, zu einem Kollaps -- auch in preislicher Hinsicht -, zu Kurzarbeit und Freisetzungen (wem nutzt dieses Wort?) in Millionen-Nähe. Wer wagt die Prognose für Herbst/Winter 75/76? Das deutsche Management, vielfach begieriger Nachahmer amerikanischen Businessdenkens, lernt wieder mal um, statt »hire and fire« wird nur noch gefeuert. The bosses are always right -- to the bitter end! -- P. S.: Selbstverständlich trifft obiges auf die Unternehmensführung in meiner Firma nicht zu. Aachen KURT GROMPE"
"7","0.7334907650947571","0.7334907650947571","0.7","Score: 7.0/10 - Der Text beschreibt vorwiegend technische und organisatorische Aspekte der elektronischen Datenverarbeitung (EDV). Die implizite Hoffnung auf Effizienzsteigerung ('Sieg über die Mikrosekunde', 'Befreiung von organisatorischen Ungereimtheiten') ist erkennbar, ebenso eine gewisse Begeisterung für das Potenzial der Technik. Explizite gesellschaftliche Ängste oder breitere Diskussionen fehlen, aber die evaluative Rahmung macht ihn relevant.","Briefe","1965-06-22","https://www.spiegel.de/politik/denkmaschinen-a-e55398e4-0002-0001-0000-000046273029?context=issue","Ihre Titelgeschichte »Elektronen -Roboter« findet meine Zustimmung, weil Sie die Planungsmethoden des Operational Research und die elektronische Datenverarbeitung mit ihren Vorteilen, aber auch mit einem klaren Blick für ihre Schwächen behandelt haben. Etwas ausführlicher hätten Sie dabei auf die Umstände bei der Beschaffung von Daten eingehen können, weil heutzutage diese Schwierigkeiten gegenüber der eigentlichen Analyse der Probleme und der Bildung der mathematischen Modelle wesentlich größer eingeschätzt werden als früher. Die von Ihnen erwähnte Beobachtung und Auswertung historischer Daten ist sowohl durch die Speicherungsmöglichkeit als auch durch die hohen Kosten begrenzt, und die Verwendung von Wahrscheinlichkeitsverteilungen sowie von Prognosekalkülen erfordert langjährige Erfahrungen, die oft nicht einmal selbst, sondern nur durch den Austausch mit Spezialisten der gleichen Branche gewonnen werden können. Berlin DR.-ING. U. H. WITTENBERG Es ist zu hoffen, daß dieser Aufsatz in weitesten Kreisen der Wirtschaft gelesen wird. Man übertreibt nicht, wenn man behauptet, daß elektronische Datenverarbeitungsanlagen heute zum Teil noch nach organisatorischen Methoden eingesetzt werden, die allenfalls noch für die Verwaltungsarbeit mit Papier und Bleistift Geltung hatten. Das gilt nicht für den Bereich, in dem die Rechenleistung der Anlagen im Vordergrund steht - Ihre Schilderung des Einsatzes bei der Hamburger Esso AG zeigt das sehr deutlich. Noch längst nicht ausgeschöpft sind hingegen andere wesentliche Fähigkeiten der elektronischen Anlagen - und im Verwaltungsbereich sind sie fast noch bedeutender als die Rechengeschwindigkeit: Die Anlagen können Auswahlen treffen. Sie können zum Beispiel in ihren Speichern Einzelposten verarbeiten, aber sie müssen nicht jeden einzelnen Posten drucken, wenn die Verwaltung nur an Summen oder Durchschnitten interessiert ist. Wichtiger noch: Sie können dazu veranlaßt werden, bei der Verarbeitung von Produktionszahlen, Kostensätzen je Produktionseinheit, je Kostenstelle und dergleichen nur diejenigen zu drucken, deren Höhe gegebene Toleranzen über- oder unterschreitet. Von dieser Möglichkeit wird noch viel zuwenig Gebrauch gemacht. Es gibt mehrere Gründe dafür. Einer liegt im technischen Fortschritt selbst: Es sind bereits Drucker im Einsatz, die zwischen 60 000 und 90 000 Zeilen in der Stunde schaffen. Die Benutzer der Anlagen sind davon begeistert, daß das, was früher von der Lochkartenanlage gedruckt wurde, von der elektronischen Anlage nun in einem Bruchteil der Zeit hervorgebracht wird, ohne sich zu vergegenwärtigen, daß sie in Wirklichkeit einen Teil des Gedruckten nicht mehr brauchen. Der Sieg der Mikrosekunde ist errungen. Was noch aussteht ist der Sieg über organisatorische Ungereimtheiten mit Hilfe der Elektronik! Metzkausen (Nordrh.-Westf.) DR. HANS EDUARD LITTMANN Ich habe Ihren Artikel »Sieg über Mikrosekunde« aufmerksam gelesen und noch einmal gelesen"
"8","0.7437094449996948","0.7437094449996948","0.6","Score: 6.0/10 - Der Text beklagt das 'technologische Hinterherlaufen' Deutschlands und die Geringschätzung der Naturwissenschaften. Während er gesellschaftliche Einstellungen zu Technik thematisiert, fehlt ein spezifischer Fokus auf Computerisierung/Automatisierung. Die implizite Hoffnung ist eine bessere Forschungsförderung, konkrete Ängste oder Hoffnungen im Zusammenhang mit EDV werden nicht angesprochen. Die Relevanz für die Forschungsfrage ist indirekt.","Briefe","1969-03-09","https://www.spiegel.de/politik/schwarze-kunst-a-21ae958a-0002-0001-0000-000045849720?context=issue",". Man würde als Banause und Ignorant gelten, würde man Goethe, Beethoven und Dürer kaum dem Namen nach kennen und Werke von ihnen überhaupt nicht. Kommt aber die Sprache auf Röntgen, Liebig oder Gauß, so setzt allenthalben unbeholfenes Schweigen ein. Es ist beschämend zu hören, wenn sich einige Leute dann auch noch rühmen, davon nichts zu verstehen. Unser technologisches Hinterherlaufen dürfte also auch in der Einstellung unserer Intellektuellen gegenüber den Naturwissenschaften und der Technik begründet liegen, die als »schwarze Künste« abgetan und nicht für gesellschaftsfähig gehalten werden. Aachen DIPL.-ING. A. WEISE Ein Lob für Ihre Titelgeschichte. Ich hoffe, daß die betreffenden Herren in Bonn dieses Armutszeugnis der deutschen Forschung aufs gründlichste studiert haben, aus ihrem Tiefschlaf aufschrecken und sich ihrer Ignoranz der Tatsachen bewußt werden. Zur Illustration dieser traurigen Misere eine weitere Tatsache: Im Wintersemester 1968/69 wurden in der Fakultät Elektrotechnik an der TH Darmstadt über 500 Studenten zum Studium im ersten Semester zugelassen. Beim ersten Abschnitt des Vordiploms nach dem zweiten Semester muß (!) die Hälfte dieser Studenten »rausgeprüft« werden, weil einfach zu wenig Platz (sprich: Geld) zur Verfügung steht. Diese Relation übertrifft die »normale« Durchfallquote bei weitem. Auf einer Fakultätssitzung wurde all dies noch offiziell bestätigt, man zog sogar in Erwägung, die Fakultät für das Wintersemester 1969/70 ganz zu schließen. Mainz HELMUT WERNER Ein faszinierender Artikel, wenn auch -- wahrscheinlich bewußt etwas einseitig und übertreibend: Wenn schon die Deutschen befürchten, ihre technologische Zukunft nicht bewältigen zu können, was ist dann mit uns Osterreichern, die wir ohnehin von einem chronischen wirtschaftlichtechnischen Minderwertigkeitskomplex gegenüber unserem »grollen Bruder« belastet sind? Wir müßten auf der Stelle verzweifeln: unsere Forschung liegt noch viel mehr im argen, statt dessen werden Subventionen zur Erhaltung veralteter Strukturen noch großzügiger vergeben. Wien WERNER THALLER Die Entwicklung im Ursprungsland der Atomenergie, in den USA, ist jedoch nicht so zukunftsträchtig, wie die europäische Öffentlichkeit allgemeinhin glaubt. 1957 wurde bereits in Shippingport (USA) durch den damaligen Präsidenten Eisenhower das erste Atomkraftwerk der USA in Betrieb genommen. Elf Jahre später -- also heute -- ist die Kernenergie in den USA am gesamten Energieaufwand lediglich mit nur 0,1 Prozent beteiligt. Demgegenüber haben die amerikanischen Kohlekraftwerke einen Anteil am gesamten Energieverbrauch in den USA von immerhin 54 Prozent. Im übrigen gibt es ernst zu nehmende Mediziner und Wissenschaftler, die größte Bedenken hinsichtlich der gesundheitsschädigenden Gefährlichkeit von Kernkraftwerken für die Bevölkerung geltend machen"
"9","0.7333765923976898","0.7333765923976898","0.6","Score: 6.0/10 - Ähnlich wie Text 4 befasst sich dieser Text mit der deutschen 'Forschungslücke' und der gesellschaftlichen Geringschätzung technischer Bildung. Die implizite Hoffnung ist eine Aufwertung der Technik und mehr staatliche Förderung. Spezifische Ängste oder Hoffnungen im Kontext der fortschreitenden Computerisierung werden nicht direkt angesprochen. Die Relevanz für die Forschungsfrage ist indirekt und allgemein.","Briefe","1969-03-09","https://www.spiegel.de/politik/schwarze-kunst-a-21ae958a-0002-0001-0000-000045849720?context=issue","(Nr. 9/1969, Titel über die Forschungslücke) Herzlichen Dank für diesen Denkzettel, von dem es nicht genug geben kann. Münster ERHARD SCHRAMEYER Im Interesse unserer Zukunft war dieser Artikel der wichtigste und aktuellste seit Jahren. Wünschenswert wäre, daß weitere überzeugende Argumente und Prognosen, Leserbriefe bekannter Experten und so weiter dafür sorgen, daß dieses Thema nicht wieder ruht. Bremen OTTO BECKMANN Was Sie für Kurzsichtigkeit oder sogar Dummheit gehalten haben, ist nämlich näher betrachtet ein wohldurchdachtes Programm der Bundesregierung zur Erhöhung der europäischen Sicherheit. In spätestens zwanzig Jahren wird dank der immensen Weisheit des Vorsitzenden Schorsch kein Mensch, nicht einmal »die ach so bösen Leute aus der DDR, mehr Lust verspüren, über uns arme Deutschen herzufallen, ganz einfach, weil es sich nicht mehr lohnt. Das nenne ich Voraussicht. Efferen (Nrdrh.-Westf.) WOLFPETER RITTER Wenn es nicht so absurd wäre, würde ich vorschlagen, im Jahre 1970 die Milliarden Mark, die die Bundeswehr verschlingt, einzusetzen in den Etat für Lehre und Forschung. Ob die Herren vom SDS dann endlich zufrieden sind? Hamburg KARL UPADER Sie wollen bitte alles daransetzen, diese Titelgeschichte als Manuskript für eine Fernseh-Reportage beim Deutschen Fernsehen, Erstes oder Zweites Programm, durchzudrücken. Auf diese Weise werden auch breiteste Schichten des Volkes, insbesondere der Wähler, erfahren und erkennen, warum es in Deutschland Apo, SDS, NPD und den Bund der Steuerzahler gibt. Landshut (Rhl.-Pf.) ERICH PFEFFER Es wäre noch ganz besonders auf die Mängel im Bildungswesen hinzuweisen. Technische Bildung wird überhaupt gesellschaftlich noch kaum als Bildung anerkannt. Man bezeichnet sie als Ausbildung. Als Bildungsfächer gelten nur die Fächer der klassischen humanistischen Bildung. Dabei war zum Beispiel Latein auch einmal ein reines Ausbildungsfach. Aus Ausbildung wurde Bildung, und heute ist anscheinend mancherorts Einbildung daraus geworden. Emden (Nieders.) HELMUT KETZSCHER Sie schreiben, daß unsere Forschungslücke wohl zum größten Teil auf Unvermögen des Managements und fehlende staatliche Hilfe zurückzuführen sei. Ein weiterer wichtiger Faktor scheint mir folgender zu sein: Der Beruf eines Mathematikers, Physikers, Chemikers und Ingenieurs ist finanziell und gesellschaftlich nicht besonders anziehend. Obwohl an den Gymnasien neben Literaturgeschichte, Musik und Kunsterziehung ebenso Mathematik, Physik und Chemie gelehrt wird, man also erwarten könnte, daß jeder gebildete Mensch in allen sechs Gebieten über ein gewisses Grundwissen verfügt, stellt sich doch der Alltag ganz anders dar. Man würde als Banause und Ignorant gelten, würde man Goethe, Beethoven und Dürer kaum dem Namen nach kennen und Werke von ihnen überhaupt nicht. Kommt aber die Sprache auf Röntgen, Liebig oder Gauß, so setzt allenthalben unbeholfenes Schweigen ein"
"10","0.7223325073719025","0.7223325073719025","0.6","Score: 6.0/10 - Relevant, aber primär deskriptiv und spekulativ. Der Text enthält visionäre Aussagen über das Verhältnis von Mensch und Maschine (z.B. 'Der Mensch gehört zur Umwelt der Maschine') und die Zukunft der Sprache als Formel. Dies deutet auf eine Reflexion über technologischen Wandel hin, aber eher auf philosophischer Ebene. Es werden implizit tiefgreifende Veränderungen antizipiert, jedoch ohne konkrete Bezüge zu zeitgenössischen Ängsten oder Hoffnungen in der Arbeitswelt.","Briefe","1967-02-19","https://www.spiegel.de/politik/zukunft-geplant-a-d46835c2-0002-0001-0000-000046453073?context=issue",". Ich zitiere historische Vorläufer, die Ihr Autor offenbar nicht kennt, obwohl es doch zur SPIEGEL-Tradition gehört, das Zeitgenössische mit historischem Netzwerk zu fangen; den »Cyborg« (die Entwerf er waren ein Psychiater und ein Ingenieur, nicht »Biotechniker""), und die ganz gewiß zu erwartende Ausnützung der Möglichkeit zur Züchtung neuer Menschentypen (und neuer Tier-Domestikation). Das alles ist als Prognose (ich gab zahlreiche andere) 1966 nicht mehr neu. Sie waren für mich nicht einmal aufregend, als ich sie bis 1960 niederschrieb, sondern ich nahm sie als geschichtlich bereits existierende Plattform, um nun tatsächlich »über den Menschen« zu spekulieren, und kam durch eine äußerst kühle Betrachtungsweise (die einzig angemessene -- ein deutscher Kritiker sagte, daß Jüngers weiland Nihilismus dagegen biedermeierisch wirke) zu so provokatorischen Sentenzen wie »Die 4. (mathematisches Dimension ist für die nächste Generation sinnlich erfahrbar«; »Der Mensch gehört zur Umwelt der Maschine« (nicht nur umgekehrt); »Wir erweitern nicht unsere Sinne, sondern gewinnen mutativ neue«; »Das. Natürliche ist immer das Unzulängliche« (statt »Das Natürliche ist immer das Beste""); »Der Mensch ist nicht mehr das Maß aller Dinge«; »Die Zukunft der Sprache ist die Formel«. Lassen Sie mich. hinzufügen, daß Ihr Autor beim Schreiben seines Artikels den wichtigsten Blick offenbar vergessen hat -- den ins SPIEGEL-Archiv, wo er eine Besprechung der »Provokatovischen Notizen« 1961 hätte finden können. Woodstock (New York) C. W. CERAM * Autor des Buches »Götter, Gräber und Gelehrte«."
"11","0.719276636838913","0.719276636838913","0.6","Score: 6.0/10 - Der Text kritisiert die Vernachlässigung von Wissenschafts- und Technologiepolitik in einer Regierungserklärung. Es geht um die Sorge vor mangelnden 'Zukunfts-Investitionen' in Forschung und Technik, um Probleme wie Energie- und Rohstoffknappheit zu lösen. Während 'Forschung und Technik' allgemein thematisiert werden, fehlt ein spezifischer Bezug zu Computerisierung oder Automatisierung. Die affektive Dimension (Besorgnis über verpasste Chancen) ist erkennbar, aber der Bezug ist zu allgemein gehalten.","Briefe","1974-06-09","https://www.spiegel.de/politik/stiefmuetterliche-behandlung-a-e6c21c81-0002-0001-0000-000041708466?context=issue","(Nr. 21/974, SPIEGEL-Titel »Letztes Aufgebot -- letzte Chance) Mit Erstaunen und Erschrecken zugleich muß ich feststellen, daß die Regierungserklärung den Bereich von Wissenschaft und Technik überhaupt nicht behandelt. Ein kleiner Abschnitt ist dem Bereich Energieforschung gewidmet, und damit ist aber schon die Wissenschafts· und Forschungspolitik abgetan. Bei allem Respekt vor pragmatischer Politik kann dies doch nicht heißen, daß zukunftsgerichtete Politik nunmehr zu den Akten gelegt wird. Bisher wurde zumindestens in den letzten Regierungserklärungen dieser Bereich ausführlich behandelt. Wir können natürlich unser gegenwärtiges Sozialprodukt mit großzügiger Hand verteilen und hoffen, daß es in der Zukunft noch genauso wächst wie heute. Wenn wir aber im bisherigen Umfange fortfahren, nur an die Gegenwart zu denken und die Zukunfts-Investitionen, vor allem im Bereich von Forschung und Technologie, vernachlässigen, sind in keinem Falle diejenigen Zuwachsraten unseres Sozialprodukts zu erwarten, die in amtlichen Dokumenten immer wieder auftauchen. Hinzu kommt, daß ja auch nicht nur die Steigerung des Bruttosozialprodukts das Ziel der Politik sein kann, sondern ebenso eine lebenswerte Umwelt. Die ganzen Diskussionen um die »Grenzen des Wachstums« haben doch zumindest gezeigt, daß wir verstärkt Forschung und Technik einsetzen müssen, um die sich abzeichnenden Lücken im Bereich von Energie, Rohstoffen und Nahrung zu schließen. -- Die stiefmütterliche Behandlung von Wissenschaft und Technik seitens der Bundesregierung, die sich auch in der relativ unkonventionellen Besetzung des Bildungs- und Forschungsministeriums ausdrückt, muß die Interessierten zu größeren Aktivitäten veranlassen. Die Forschungspolitiker aus allen Parteien sind aufgerufen, sich stärker für die Berücksichtigung von Wissenschaft und Technik in der deutschen Politik einzusetzen."
"12","0.7490119338035583","0.7490119338035583","0.5","Score: 5.0/10 - Der Text behandelt Übervölkerung und Umweltverschmutzung mit einem allgemeinen Fokus auf Planung und Vernunft. Es gibt eine implizite, aber sehr vage Kritik an einer überplanten, technisierten Zukunft ('Zeitalter der reinen Vernunft'), die indirekt mit Automatisierungsthemen zusammenhängen könnte. Der Bezug zur Computerisierung/Automatisierung und zu konkreten Hoffnungen/Ängsten ist jedoch schwach und nicht zentral.","Briefe","1973-01-21","https://www.spiegel.de/politik/verrat-der-konservativen-a-567cd33a-0002-0001-0000-000042713773?context=issue",". Düsseldorf CARL-HEINZ RUDAT Die Wachstumsmisere setzt sich selbst irgendwann Grenzen, und sei es durch die eigene Unwirtschaftlichkeit. Wenn wir nur inzwischen einige maßgebliche Wachstümler politisch abschießen können, ist schon etwas gewonnen. Düsseldorf BARROWS MUSSEY Das Fazit Ihres Artikels über Übervölkerung, Umweltverschmutzung und so weiter ist doch dieses: »Wenn wir auf unserer Erde nicht sofort die reine Vernunft walten lassen, gibt es eine Katastrophe« Aber wie kann man heute an die Vernunft des Menschen glauben? Man braucht sich doch bloß umzusehen. Vom Schlachtfeld auf der Straße bis hin zum Schlachtfeld in Vietnam wobei man seine eigene Unvernunft nicht ausschließen darf (obwohl die schönsten Stunden die der Unvernunft waren und ohne diese das Leben sehr traurig ist). Wenn man Ihren Artikel gelesen hat, ist es beinahe unverantwortlich, noch Kinder in die Welt zu setzen, die dieses alles ausbaden müssen (man sollte es trotzdem tun). Wenn eines Tages tatsächlich -- und das muß bald geschehen -- das Zeitalter der reinen Vernunft hereinbrechen sollte, wenn alles nur noch geplant wird, von der Familienplanung über künstliche Geburten bis hin zur Weltraumplanung, wo jede Gefühlsregung tabu ist, wo Liebe und auch Haß. wo Glaube (Gott und viele Dinge im Leben und in der Natur kann man nicht mit Verstand und Vernunft begreifen) und Freude am Leben und am Arbeitsplatz nicht vorhanden wären, ist das Leben dann noch lebenswert? Buchholz Nieders.) GERHARD KLENKE Die Saurier starben aus, da sich ihre Umwelt zu ihrem Nachteil veränderte. Die Menschen werden, dank ihrer Intelligenz. aussterben, da sie ihre Umwelt zu ihrem Nachteil verändert haben. Romrod (Hessen) HERBERT KUNZ Es passiert mir in der letzten Zeit sehr oft, daß ich mit den statistischen Daten. die zur Untermauerung von Argumenten benutzt werden, nicht einverstanden bin. Ich habe politische Ökonomie studiert und daher weiß ich, daß die Handhabung dieser Daten manipulierbar ist. Vor 25 Jahren. im statistischen Seminar, spukte folgender Witz: die SU hat, im zehnten Jahr ihres Bestehens. die ersten fünf Lokomotiven gebaut; im Bericht des ZK hieß es dann, die Produktion von Lokomotiven wurde in den ersten zwei Fünf-Jahres-Plänen um 500 Prozent gesteigert. Frankfurt RAIMUND GORNOWICZ"
"13","0.7300102114677429","0.7300102114677429","0.5","Score: 5.0/10 - Der Text kritisiert einen SPIEGEL-Artikel über Futurologie und listet verschiedene Zukunftsvorhersagen und -autoren auf. Dabei werden technologische Entwicklungen (Unterwasserstädte, Konservierung von Menschen) erwähnt. Der Tenor ist jedoch meta-kritisch (Kritik an Auslassungen), nicht eine Diskussion zeitgenössischer Hoffnungen oder Ängste der Bevölkerung gegenüber diesen Technologien. Die Erwähnung ist deskriptiv und indirekt relevant.","Briefe","1967-02-19","https://www.spiegel.de/politik/zukunft-geplant-a-d46835c2-0002-0001-0000-000046453073?context=issue","(Nr. 53/1966, Futurologie) Der Artikel »Die Zukunft des Menschen wird geplant« ist bereits in der Überschrift irreführend. Sie soll (und sollte!) geplant werden. Was im Augenblick geschieht, ist erst der Versuch, die Grundlagen für eine Planung zu erforschen. Diese Grundlagenforschung wird, wie Sie mit Recht konstatieren, heute in den USA am großzügigsten betrieben. Doch Ihr Artikel verteilt falsche Akzente durch Auslassung europäischer Anteile. Was Sie an »Voraussagen« zitieren, sind kaum mehr, als die Ergebnisse technischstatistischer, damit begrenzter Untersuchungen. Selbst die tragen Sie, zu meiner Überraschung, vor, als seien sie ungeheuer neu. Tatsächlich ist fast nichts von dem, was Sie ausbreiten, neu. Es ist unmöglich, hier Pascual Jordans »Wie sieht die Welt von morgen aus?« (1958!) zu unterschlagen; oder Jean Rostands »Biologie -- Wissenschaft der Zukunft« (dt. 1954!); oder gar die »Reportage aus dem 21. Jahrhundert« der Russen Wassiljew und Guschtschew, die 1959 sozusagen im Nebenzimmer Ihres Hamburger Hauses vom Nannen-Verlag publiziert wurde. Daß Sie zwar (wer würde das nicht?) Aldous Huxleys »Brave New World« zitieren, aber mit keinem Wort »Brave New World Revisited«, die Korrektur und Erweiterung, die er 26 Jahre später publizierte, das ist für eine SPIEGEL-Dokumentation eine ziemlich unfaßbare Unterlassung. Ganz zu schweigen von der (nahezu) Unterschlagung des Wiener Instituts von Robert Jungk und seines ungeheuer wichtigen neuesten Buches. Ihre Akzent-Verteilung aber wird noch ungerechter. Wie kann man, wenn man im Titel die »Zukunft des Menschen« zu besprechen vorgibt, Marshall Mac-Luhan überhaupt nicht erwähnen (dessen brillante Thesen allen Institutsergebnissen im Augenblick weit voraus sind), Buckminster Fuller mit nichts als dem Namen nennen, den noch früheren Lewis Mumford wieder überhaupt nicht? Und, verzeihen Sie, ich muß pro domo sprechen, unter Hinweis darauf, daß der Prophet in seinem Vaterland wenig gilt, von meinen »Provokatorischen Notizen« (1960, englischer Titel »Yestermorrow«, dort von keinem Geringeren als Alan Price-Jones eingeleitet). Sin wurden in Deutschland zwar inklusive Taschenbuch in rund 30 000 Exemplaren verbreitet, die kritische Beachtung war jedoch weit größer in USA, England und Spanien und von Gallimard in Frankreich vier Jahre nach der deutschen Publikation für so wichtig gehalten, daß er sie in seiner bedeutendsten Reihe »Les Essais« neben Camus, Cioran, Sartre, Russell publizierte. Sie wurden 1946 bis 1960 geschrieben und enthalten nicht nur fast alle der von Ihnen als neu vorgestellten Prophezeiungen von den Unterwasserstädten, den Bein- und Augenbanken, der Möglichkeit, »einen Menschen zu telegraphieren« (was Ihr Gewährsmann nicht begriffen hat, wenn er von »Röntgenstrahlen« spricht), die Konservierungsmöglichkeit des Menschen (in Eis, aber auch durch Austrocknung)"
"14","0.7420869171619415","0.7420869171619415","0.4","Score: 4.0/10 - Der Text kritisiert gewerkschaftliche Positionen zum Kernkraftwerksbau und erwähnt dabei 'kapitalintensive Produktionsweisen, die langfristig Arbeitskräfte freisetzen'. Dies kann als indirekter Verweis auf Automatisierungstendenzen gelesen werden, steht aber nicht im Mittelpunkt. Der spezifische Bezug zur Computerisierung oder zur öffentlichen Wahrnehmung von Automatisierung ist sehr schwach ausgeprägt.","Briefe","1977-03-20","https://www.spiegel.de/politik/arbeitsplaetze-gehen-floeten-a-73a5c955-0002-0001-0000-000040941728?context=issue","(Nr. 11/1977, Arbeitsplätze) Die Aussage der IG Bergbau und Energie: Höherer Stromverbrauch in der Zukunft bedeutet jetzt forcierten Kernkraftwerksbau und so die Schaffung und Erhaltung von Arbeitsplätzen. zeigt eine gefährliche Tendenz zur Abkehr von gewerkschaftlichen Prinzipien. Hier setzt man sich nicht nur zugunsten von Wirtschaftsexpansion und Profitinteresse über die Forderung nach menschlicher Umwelt und sozialer Gerechtigkeit hinweg, sondern fördert auch verstärkt kapitalintensive Produktionsweisen, die langfristig Arbeitskräfte freisetzen. Die gewerkschaftliche Forderung nach Veränderung der Arbeitswelt tritt total in den Hintergrund, auch wenn diese Veränderung kommen wird: Durch die Konzentration von Investitionen und Staatssubventionen auf den Atomenergiebereich werden die anderen Wirtschaftsbereiche weniger Mittel erhalten, Forschung und Innovation dort gehen zurück, die Situation in diesen Bereichen verschlechtert sich, die Arbeitsplätze gehen flöten. Freiburg ULRICH MARTIN DRESCHER"
"15","0.7273938059806824","0.7273938059806824","0.4","Score: 4.0/10 - Schwacher thematischer Bezug. Erwähnung einer 'mechanistischen Laufbahngestaltung in Großunternehmen' und der Angst, 'erst überhaupt nicht eingestellt zu werden', deutet auf strukturelle Arbeitsmarktängste hin, aber ohne explizite Verbindung zu Computerisierung oder Automatisierung. Die affektive Dimension ist allgemein auf Karriere und Identitätskrise bezogen.","Briefe","1976-08-01","https://www.spiegel.de/politik/beruhigende-erkenntnis-a-0ec1a439-0002-0001-0000-000041210743?context=issue",". Es ist mir deshalb verständlich, wenn ein Mann in meinem Alter innerlich gedrängt wird, einmal aus der Zwangsjacke auszubrechen, die er bisher getragen hat. Ich danke Ihnen für diesen Aufsatz, der mir eine Hilfe ist für meine Überlegungen. daß dies in einer fröhlichen Familie mit zwei lieben Kindern (18 und 20 Jahre) -- »doch nicht alles gewesen sein kann«. Bielefeld J. WELLENBRINK Es wäre interessant gewesen, wenn Sie darauf hingewiesen hätten, daß die Krise in den mittleren Jahren häufig durch eine mechanistische Laufbahngestaltung in Großunternehmen induziert wird und nach einer neuen Form der Verantwortung in den Personaldirektionen der Wirtschaft verlangt. Toronto DR. ROLF TH. STIEFEL Der Fehler von Psychologen, etwa Bühler und Erikson, liegt darin, daß sie genetisch bedingte Reifungsprozesse analysieren wollen, indem sie von den gesellschaftlichen Bedingungen der Entwicklung abstrahieren. Münster MARTIN MEYERHOFF Die heute Zwanzigjährigen nehmen die Probleme der vorhergehenden Generation schon vorweg. Nicht die Angst, auf dem eigenen Höhepunkt des Berufslebens, der Karriere, des Erfolgs zu versagen, sondern die Angst, erst überhaupt nicht eingestellt zu werden, ist es, die sie zum Sichabwenden von den Zwängen führt, mit denen sie konfrontiert werden. Und das, bei Abiturienten, nach dreizehnjähriger Lernarbeit für Stoff, den sie bei späterem Universitätsstudium (auch noch in Frage gestellt) nicht anwenden können; neuerdings ist dabei auch noch die FDGO (freiheitlich-demokratische Grundordnung) -- Konformität zu beachten. Wie sollten sie auch versuchen, ihren Arbeitsplatz zu wechseln, um ihre eigentlichen Interessen befriedigen zu können, wenn man sie schon am Eintritt ins Berufsleben hindert. Nochern (Rhld.-Pf.) HARTMUT RÖMER Ich meine, daß die Identitätskrise in jedem Lebensalter auftritt, bei den Mittvierzigern vielleicht verstärkt und signifikanter. Mehr äußerliche Faktoren haben den Menschen daran gehindert, zu sich selbst zu finden und seine eigene Selbstverwirklichung zu erreichen. Also muß man dort den Hebel ansetzen. Bezogen auf die Ehe kann aktive Lebenshilfe unter anderen so aussehen: * dafür sorgen, daß viele Gemeinsamkeiten und äußere Ziele vorhanden sind, * Konflikte nicht verdrängen, sondern mit dem Betreffenden besprechen und lösen, * dem Partner mehr Freiraum verschaffen und dessen Bekanntenkreis tolerieren und * die Rolle des Partners voll akzeptieren und anerkennen. Bezogen auf den Beruf: * die eigenen Grenzen akzeptieren, * sich nicht in den Strudel der Karrieresucht begeben, in welchem man zwar viel Geld, Macht und Status erwerben kann, aber meist seine Persönlichkeit und Identität verliert, und vor allem * den Grundsatz beachten: ich arbeite, um zu leben und nicht: ich lebe, um zu arbeiten. Besser: ich lebe, um zu leben. Eikamp (Nrdrh.-Westf.) KLAUS-DETLEF WIDDIG Diplom-Psychologe"
"16","0.7183194160461426","0.7183194160461426","0.4","Score: 4.0/10 - Die Briefe kommentieren eine SPIEGEL-Umfrage zu politischen 'Ängsten der Deutschen'. Die Themen sind Inflation, Regierungspolitik und innenpolitische Konflikte (z.B. mit den Jusos). Zwar wird das Wort 'Angst' häufig verwendet, der Kontext ist jedoch rein politisch-sozial. Ein Bezug zu Ängsten vor Automatisierung oder Computerisierung wird in keinem der zitierten Briefausschnitte hergestellt.","Briefe","1974-04-28","https://www.spiegel.de/politik/diffuses-bild-a-d11a6e1c-0002-0001-0000-000041751371?context=issue","(Nr. 16/1974, SPIEGEL-Titel »Die Ängste der Deutschen«; SPIEGEL-Gespräch mit der Juso-Vorsitzenden Heidemarie Wieczorek-Zeul über das Dilemma der Sozialdemokraten) Wer Angst unterstellt, erhält Angst als Antwort. Hannover PETER KRÜGER Jedenfalls ist das Strickmuster des Fragengewebes leicht zu durchschauen: auf Buhmann-Behauptungen (""Verstaatlichungen«, »Radikale«, »Gewalt« und »Terror"") buht der Befragte zurück und deutet auf die da oben an der Regierung. St. Augustin (Nrdrh.-Westf.) MONIKA VON ALEMANN-SCHWARZ DR. ULRICH VON ALEMANN Die Umfrage wurde doch bestimmt überwiegend in Niederbayern durchgeführt. Anders kann ich mir dieses Ergebnis nicht erklären. Frankfurt UDO JUNG Wenn die tumbe, teutsche Mehrheit mit Tetzlaff-Ideologie die Anstrengungen und Erfolge der sozialliberalen Koalition nicht begreift, wünsche ich der »dußlichen Kuh« einen Strauß (Struthio camelus) als Bundeskanzler. Ellerbek (Schlesw.-Holst.) ULRICH GREEN Ob Sie und Ihre Kassandra wohl Tomaten auf den Augen haben? Was sich da zeigt, ist doch vor allem die Unzufriedenheit unserer Bangebürger mit dem Zustand der Zufriedenheit. Klausdorf (Schlesw.-Holst.) WERNER MENSKI Seit Jahren bin ich ein SPD-Wähler, und muß auch gestehen, in den letzten Monaten enttäuscht zu sein. Ich sehe persönlich aber den Hauptgrund in den schlechten Ratgebern, sprich Ministern wie Lauritzen, Ehmke, Jahn und Eppler, die tagtäglich auf den Bundeskanzler einreden. Baunatal (Hessen) WULF WAGNER Die SPD ist heute mehr denn je eine linkslastige schiefe Ebene, auf der ein Teil ihrer Anhänger in den Sozialismus abrutscht ... Jedem gewissenhaften Deutschen muß Angst und bange sein, wenn Brandt einem Breschnew gegenübersteht. Hürth-Hermülheim (Nrdrh.-Westf.) DR. HERBERT KUTSCHERA Obgleich die rapide Abnahme der Kaufkraft des Geldes eine Erscheinung der gesamten westlichen Welt darstellt, haben es die christlichen Leute verstanden, den deutschen Bundeskanzler zum Erfinder der Inflation zu küren. Und siehe da -- der ängstliche Deutsche der Inflation, Michel, glaubte auch dieses. Niemand soll sich daher wundern, wenn bei dieser Narkotika die Angsthasen zu springen beginnen. Wolfsburg (Nieders.) LOUIS KUMMER Sind die Jusos aufrichtig der Meinung, daß sie diese Interessen entschieden und wenn nötig radikal vertreten können, brauchen sie sich nicht aus der SPD »rausschmeißen« zu lassen (Vogel), sondern müssen sich an einer neuen sozialistischen Arbeiterpartei profilieren. Marienheide (Nrdrh.-Westf.) JOSEF SVEHLA Wer mit Kommunisten Solidarität üben will (zum Beispiel im Solidaritätskomitee für Chile oder bei der Initiative gegen die sogenannten Berufsverbote), kann nicht gleichzeitig Solidarität sozialdemokratischer Organisationen oder Mitglieder oder Vorstände erwarten. Ansbach (Bayern) WOLFGANG LIST Für die SPD gibt es nur die eine Alternative, nämlich die Ankündigung ihres Vorsitzenden, Maßnahmen gegen unbotmäßige Linke durchzuführen, wahr zu machen und nicht in einer Taktik der Verharmlosung zu verharren"
"17","0.7349892258644104","0.7349892258644104","0.3","Score: 3.0/10 - Der Text erwähnt eine 'große technische Revolution' und die Rolle von Ingenieuren als 'Bahnbrecher des technischen Zeitalters'. Dies deutet auf einen allgemeinen technischen Wandel hin. Allerdings fehlt eine konkrete Benennung von Computerisierung/Automatisierung oder eine Diskussion ihrer sozialen Folgen (Hoffnungen/Ängste). Der Bezug zur Forschungsfrage ist sehr schwach.","Briefe","1968-05-12","https://www.spiegel.de/politik/frisch-fromm-froehlich-frei-a-dd18b6f3-0002-0001-0000-000046034464?context=issue",". Da sich unsere Industriegesellschaft inmitten einer großen technischen Revolution befindet, wäre zu wünschen, daß sich zum Beispiel die Soziologen viel mehr mit ihren Kollegen aus den naturwissenschaftlichen Fakultäten, zum Beispiel den Ingenieuren, aussprechen und einigen, ehe sie als Wortführer für die »Gesamtheit der Studenten« sprechen. Schließlich sind die Naturwissenschaftler die Bahnbrecher des technischen Zeitalters. In Gesprächen mit Studenten läßt sich feststellen, daß die überwiegende Mehrheit der Ingenieure, Chemiker, Physiker, Biologen, Mediziner usw. viel realistischere politische Vorstellungen hat als die bisherigen Wortführer. Insbesondere sind diese Studenten durch ihren Ausbildungsgang (Konstruktionsaufgaben, Labortätigkeit, Praktika in Kliniken beziehungsweise in Betrieben oder auf der Baustelle) häufig in Kontakt mit der arbeitenden Bevölkerung und dadurch aufgeschlossen für deren Probleme. Vielleicht könnte die kommende Hochschulreform zum Beispiel für Soziologen eine praxisnähere Ausbildung vorsehen, unter anderem auch Ferienarbeit in den Betrieben, Mitarbeit als Volontäre bei staatlichen Stellen und politischen Parteien. Durch eine solche Tätigkeit würden auch die notwendigen Ventile, derer dieser Zustand besonderer geistiger Unruhe bedarf, geöffnet werden. Es wäre wichtig, daß Studenten aller Fachrichtungen mithelfen, die in jüngster Zeit aufgerissene Kluft zwischen denen, die in unserer Leistungsgesellschaft bereits Verantwortung tragen und produktiv tätig sind, und denjenigen, die auf Kosten der Allgemeinheit eine hochqualifizierte Ausbildung genießen, um später etwas Besonderes für diese Gesellschaft leisten zu können, wieder zu schließen. Kelkheim (Hessen) DR. RER. NAT. H. H. RACKE Der Jammer ist, daß die jungen Umstürzler und Weltverbesserer kein, aber auch kein wie immer geartetes Konzept für ein besseres »System« als das parlamentarische haben, dem sie den Garaus machen wollen. Aber wo Begriffe fehlen, stellt ein Wort zur rechten Zeit sich ein: alles was sie unklar und verworren zu verkünden wissen, ist ein Rätesystem an Stelle der parlamentarischen Demokratie zu setzen. Mit diesem alten, mit diesem uralten Hut, der schon vor vierzig .Jahren Pleite machte, wollen sie die Welt verbessern! Wien DR. WALTER MONO!. Die sarkastische Umdeutung des Turnerbund-Emblems »frisch, fromm. fröhlich, frei« ist nicht neu (zum erstenmal habe ich sie aus dem Mund eines katholischen Geistlichen gehört, und zwar als Klage über die mangelnde Bereitschaft der Jugend, sich zu engagieren); neu ist, daß diese Begriffe nun als Leitbild für den Bürger eines demokratischen Staates dienen sollen: »Niemandem passiert etwas, wenn er die vier großen »F« beachtet: Feierabend, Fernsehen, Filzpantoffeln und Flaschenbier.« (Nr. 18/1968, Seite 60)"
"18","0.7228951752185822","0.7228951752185822","0.3","Score: 3.0/10 - Schwacher thematischer Bezug. Diskutiert Umwelttechnologie, 'Antiproduktion' und Recycling. Die Erwähnung des Autors als 'Informationstheoretiker' und seines Buches 'Falsch programmiert' bietet einen indirekten Anknüpfungspunkt, aber der Fokus liegt auf Umwelt, nicht auf Computerisierung/Automatisierung der Arbeit. Keine expliziten Hoffnungen/Ängste diesbezüglich.","Briefe","1971-09-12","https://www.spiegel.de/politik/ende-der-zukunft-a-93965517-0002-0001-0000-000043144120?context=issue","(Nr. 37/1971, Umwelt) Ihr Bericht über R. Proskes ausgezeichnete Sendung »Suche nach der Welt von morgen« mit dem Untertitel »Ende unserer Zukunft« hat einen fatalistischen Schluß: »... wie Menschen etwas dazulernen: durch Sterben«. Es kann so kommen, aber es muß nicht so kommen, wenn wir nicht resignieren und sachverständig handeln. Es kommt zuerst darauf an, die Öffentlichkeit über Fakten zu unterrichten -- hierfür hat sich der SPIEGEL in den letzten Jahren dankenswerterweise stark eingesetzt, aber es kommt dann auch darauf an, für wirksame Abhilfen zu werben. (Hierzu habe ich in dem Buche »Mensch, Technik, Zukunft« einiges ausführlicher dargestellt): Informationstheoretiker und Autor: »Falsch programmiert«. * Wir müssen alle publizistischen, erzieherischen und politischen Möglichkeiten nutzen, daß mit Materie, Energie und Information sparsam und sorgsam umgegangen wird. Was A. Toffler so leichtfertig als »Wegwerf-Gesellschaft« propagiert hat, muß unter allen Umständen vermieden werden. * Die Verfahren der Naturwissenschaft und Technik dürfen nicht nur -- wie bisher beinahe ausschließlich -- zur Produktion, also zur Herstellung von Gütern, sondern müssen ebenso intensiv zum Abbau der unbrauchbaren Güter benutzt werden (""Antiproduktion""). Abfälle dürfen nicht mehr unkontrolliert irgendwo deponiert werden, sondern müssen in einem möglichst kurzen Kreislauf der Wiederverwendung zugeführt werden (""recycling""). Diese Antiproduktion kann nicht durch private Motivation aufgebaut werden, hier muß die Gesellschaft die technische Entwicklung steuern. Ettlingen (Bad.-Württ.) PROFESSOR DR.-ING. KARL STEINBUCH"
"19","0.721933901309967","0.721933901309967","0.3","Score: 3.0/10 - Indirekte Relevanz durch Thematisierung von Arbeitslosigkeit, aber kein expliziter Bezug. Der Text diskutiert Ursachen der Arbeitslosigkeit (wirtschaftspolitische Fehler, Umverteilung) ohne Nennung von Computerisierung, Automatisierung oder technologischem Wandel als Faktor. Die Angst vor Arbeitslosigkeit ist präsent, aber nicht technologisch begründet.","Briefe","1977-05-08","https://www.spiegel.de/politik/proletariat-ueberfuettert-a-ad8b6473-0002-0001-0000-000040915591?context=issue","(Nr. 14-17/77, SPIEGEL-Serie über die Ursachen der Arbeitslosigkeit: »Der stille Bürgerkrieg"") Seit Jahren werden die Unternehmer gejagt durch die Gewerkschaften und Sozialisten, Umverteilung, Erbschaftssteuergesetz, Mitbestimmung, Sozialgesetz und viele Gesetze, die alle der Umverteilung dienen und Verteufelung der Gewinne. Und noch heute das Geschrei der Jungsozialisten und gleicher Gruppen. Man muß einigermaßen schwachsinnig sein, zu investieren, wenn alles nur wartet, es nur schnellstens wieder zu kassieren. Man ist zur Zeit nur etwas ruhiger, weil das Kind zur Zeit im Brunnen liegt. Seevetal (Nieders.) ROLF RITSCHER Die Arbeitslosigkeit kann nicht abnehmen, sondern wird weiterhin zunehmen. Schmidt-Apel kann niemand retten -- aus! Hamburg GERHARD GONSCHEROWSKI Den Berg Sinai, der die Lösung dieses schrecklichen Problems beinhalten könnte, hat der SPIEGEL vergessen: »Du sollst nicht begehren deines Nächsten Hab und Gut!« (5. Mose 5). Wenn einige sympathische Leute sich den Karl-Marx-Bart abrasieren und endlich die roten Fahnen archivieren, kommt der nächste Frühling ganz bestimmt. Saarbrücken RUDOLF G. STRAUCH In dem Artikel wird behauptet: »das Recht auf Arbeit, das bislang nur die DDR und alle anderen sozialistischen Länder ihren Insassen zusichern«. Dazu Artikel 24 der Verfassung von Nordrhein-Westfalen: »Im Mittelpunkt des Wirtschaftslebens steht das Wohl des Menschen. Der Schutz seiner Arbeitskraft hat den Vorrang vor dem Schutz des materiellen Besitzes. Jedermann hat ein Recht auf Arbeit.« Ähnlich in den Landesverfassungen von Bayern (Artikel 166), Berlin (Artikel 12), Bremen (Artikel 8), Hessen (Artikel 28), Rheinland-Pfalz (Artikel 53) und Saarland (Artikel 45)!* München MARTIN LANGE Entgegen allen konkreten Erfahrungen wird die Wirtschaftskrise zu einem reinen »politischen Fehlprodukt« zurechtgeboxt. Sie kennt demzufolge auch nur zwei Schuldige: sozial-liberale Regierungspolitik einerseits und beschäftigungs-illusionäre Gewerkschaften, die lediglich als Lohnmaschinerien wirken. Diejenigen, die die Preise setzen, die Beschäftigte einstellen, oder entlassen -- die Unternehmungen selbst -- erscheinen nicht in einem derartigen Krisenszenario. Ihr Verhalten, allenthalben von außen zu stören, wird in unantastbare Funktionsmechanismen versenkt. Wen wundert es da, daß in dieser Serie von monopolistischen Konkurrenzformen und daraus resultierenden Wirkungslosigkeiten der herrschenden Wirtschaftspolitik nicht * Nach Meinung von Verfassungs-Juristen sind diese Verfassungartikel wegen der Tarifautonomie nicht als a b s o l u t e s Recht auf Arbeit zu deuten: man kann nicht über den Preis (Lohn) verhandeln. wenn die Menge (Beschäftigung) fixiert ist, so ein Gutachter. die Rede war. Der dringend notwendigen Suche nach einer effektiven und sozialen »Neuen Wirtschaftslehre« hat diese Serie nicht einmal ansatzweise einen Dienst erwiesen. Bremen PROF. DR. RUDOLF HICKEL Mitinitiator der zum 1"
"20","0.7204161882400513","0.7204161882400513","0.3","Score: 3.0/10 - Der Text thematisiert politische und gesellschaftliche Krisen in den USA, insbesondere Rassenkonflikte und die Angst vor einer totalitären Machtübernahme. Obwohl die Leser 'Furcht' vor einer bestimmten Entwicklung äußern, steht diese nicht im Zusammenhang mit technologischem Wandel, sondern mit Politik und Gesellschaft. Die Relevanz für die Forschungsfrage ist sehr gering.","Briefe","1970-08-02","https://www.spiegel.de/politik/danse-macabre-a-fe374293-0002-0001-0000-000044418193?context=issue","(Nr. 29/1970, USA -- »O Gott, was ist los mit uns"") Ihre Darstellung ist meines Erachtens die umfassendste Analyse unseres Schmelztiegels, in dem der Schmelzprozeß sieh seit Jahren rückläufig vollzieht. Die Zukunft sieht besorgniserregend, ja hoffnungslos aus. Wie stark besorgniserregend, kann ich als Deutschamerikaner beurteilen, der die Entwicklung der letzten sechs Jahre in verschiedensten Großstädten der USA verfolgen konnte. Cleveland (USA) KLAUS-PETER HINZE Ich habe Furcht vor der Tatsache, daß die Wahrscheinlichkeit einer mögliimmer glaubhafter und denkbarer wird. Meine Landsmänner kenne ich gut genug, um zu wissen, daß sie es niemals dulden könnten, ihre komfortablen, kurzsichtigen, aber falschen Vorstellungen von den Wirklichkeiten in Amerika vernichten zu lassen. So was dulden sie ja sowieso nicht -- auch wenn sie ihre Freiheit dafür opfern müßten. Denn man dürfte gar behaupten, sie finden das bürgerliche Nichtsein ganz schön angenehm; daher würden sie nichts spüren, wenn sie in Sklaven verwandelt würden. Als Amerikaner bedaure, betrübe und entsetze ich mich, daß ein einmal so großes und beneidenswertes Land sich so schnell zugrunde gehen lassen konnte oder durfte. Teheran (Persien) VIRGIL WILLIAMS Anton Dvorák läßt die »Eindrücke und Grüße aus der Neuen Welt«, wie er seine Sinfonie selbst nannte, im »Alllegro con fuoco« enden. Wahrscheinlich hielte er heute einen »Danse macabre« als letzten Satz für angemessener. Aufgrund persönlicher Erfahrungen, die ich innerhalb eines dreimonatigen Aufenthaltes in den USA sammeln konnte, halte ich es für sehr wichtig, daß die Gloriole, die bei uns noch immer jene Chiffre »USA« umschwebt, endlich der Entmythologisierung zum Opfer fällt. Tübingen (Bad.-Württ.) KLAUS PETER HARTMANN Die lärmende Konfettiparade der Bauarbeiter ist nur der erste Teil des »Festzuges"": Lautlos folgt ihm die Geisterarmee der 44 000 loten GIs von Vietnam. Für sie stehen nur der barhäuptige Abraham Lincoln und die Freiheitsstatue am Straßenrand. Und beide weinen. Quickborn (Schl.-Holst.) ERNST DIEDERICHS * In New York am 20. Mai 1910. chen totalitären Machtübernahme drüben durch etwa einen Wallace-Sieg immer glaubhafter und denkbarer wird. Meine Landsmänner kenne ich gut genug, um zu wissen, daß si niemals dulden könnten, ihre komfortablen, kurzsichtigen, aber falschen Vorstellungen von den Wirklichkeiten in Amerika vernichten zu lassen. So was dulden sie ja sowieso nicht -- auch wenn sie ihre Freiheit dafür opfern müßten. Denn man dürfte gar behaupten, sie finden das bürgerliche Nichtsein ganz schön angenehm; daher würden sie nichts spüren, wenn sie in Sklaven verwandelt würden. Als Amerikaner bedaure, betrübe und entsetze ich mich, daß ein einmal so großes Land sich so schnell zugrunde gehen lassen durfte. Teheran (Persien) VIRIL WILLIAMS"
"21","0.717842698097229","0.717842698097229","0.3","Score: 3.0/10 - Die Briefe diskutieren ausschließlich die ethische und militärstrategische Bewertung der Neutronenbombe. Die Debatte dreht sich um Krieg, Vernichtung und Menschenverachtung im militärischen Kontext. Obwohl es sich um eine hochtechnologische Waffe handelt, wird diese Diskussion nicht in den Kontext des zivilen technischen Wandels, der Computerisierung oder Automatisierung der Arbeitswelt gestellt. Die Ängste, die hier artikuliert werden, beziehen sich auf Krieg und Militärtechnologie, nicht auf die in der Forschungsfrage adressierten gesellschaftlichen Hoffnungen und Ängste.","Briefe","1977-07-31","https://www.spiegel.de/politik/perverses-projektil-a-2c519472-0002-0001-0000-000040859260?context=issue",". Rheinau-Freistett (Bad,-Wtlrtt.) FRITZ KUNLE Studienrat Diese Geschichte hat mich endgültig davon überzeugt, daß das menschliche Gehirn mit allergrößter Wahrscheinlichkeit die einzige Fehlentwicklung der Natur ist. Hagen (Nrdrh.-Westf) OTTO JÄKEL Meine Meinung ist, daß der Tod durch die Neutronen-Bombe für den Soldaten angenehmer ist als ein Säbelhieb in den Körper. Essen OTTO DEURITZ Die Pervertierung des menschlichen Geistes hat wohl ein Höchstmaß erreicht: Das Volk bezahlt seine eigene Vernichtung durch eine »saubere, humane« Waffe, die es »versaftet«! Duisburg INGEBORG BENZINGER Uns Deutschen sollte es letztlich egal sein, ob wir mit einem Granatsplitter im Bauch oder an einer letalen Dosis radioaktiver, neutroneninduzierter Gammastrahlen verrecken. Wenn wir was verteidigen wollen, dann brauchen wir uns unserer Mittel nicht zu entschuldigen. Der konsequente Einsatz der taktischen Neutronenwaffen birgt für einen potentiellen Angreifer ein unkalkulierbares Risiko. Das könnte ihn von einem Angriff abhalten. Die Verhinderung eines Krieges sollte daher das moralisch legitimierte Ziel unserer Verteidigungspolitik sein. Lüneburg (Nieders.) HANS GEORG BEYER Carters Neutronenvision Dank der weitsichtigen, vorausplanenden Politik Jimmy Carters können die Toten künftiger Kriege neue Hoffnung schöpfen. Nach dem Fall der Neutronen-Bombe haben sie gut lachen: die Skelette erobern eine heile Welt, spurlos ist der Krieg an Banken, Altären und Beerdigungsinstituten vorübergegangen, im Reich der Toten wird amerikanisches Know-how eingeführt. Mit seligem Lächeln glotzen die Neutronentoten in die Röhre: zum jüngsten Tag wiederholt das Fernsehen den Film von der feierlichen Verkündigung der Menschenrechte. Hamburg DR. PETER SCHOTT Immer nur Planspielen muß für die Militärs frustrierend sein. Diese hochbezahlten »Arbeitslosen« möchten sich anscheinend gerne wieder an die Arbeit machen und mit ihren gräßlichen Waffen Tod und Verderben produzieren. Der Gedanke, so absurd er auch ist, daß sie eine Waffe erhalten, mit der sie. wie sie meinen, »saubere« Schlachten wie anno dazumal schlagen können, wirkt offensichtlich euphorierend auf die Pentagon- und Nato-Artilleristen. Dortmund MARGRET SCHRAMM Es ist zum Kotzen, was einige Menschen mit der Menschheit machen. Willstatt (Bad.-Württ.) HUGO JUNG Alle Beteiligten -- begeisterte Befürworter, Planer, Hersteller und Verfügende in spe -- bringen eine Menschenverachtung zum Ausdruck, die durch nichts überboten werden kann und durch die auch die Auslassungen des Herrn Präsidenten Carter nur noch als scheinheilige Phrasen bewertet werden können. Zu den Bemühungen, weltweite Abmachungen zu treffen, die den Lebensrechten der Menschheit dienen sollen, wäre diese Bombe ein neuer kennzeichnender Beitrag -- vom Westen diesmal"
"22","0.7380220592021942","0.7380220592021942","0.2","Score: 2.0/10 - Der Text kommentiert soziale Unruhen und politische Passivität, primär mit Bezug auf Frankreich 1968 und Deutschland. Es gibt keinerlei Erwähnung von Technik, Computerisierung, Automatisierung oder damit verbundenen gesellschaftlichen Hoffnungen oder Ängsten. Der thematische Bezug zur Forschungsfrage ist nicht erkennbar.","Briefe","1968-06-09","https://www.spiegel.de/politik/tour-de-france-a-52993ddc-0002-0001-0000-000046020940?context=issue","(Nr. 22/1966, Frankreich) Während in Frankreich Arbeitnehmer, Studenten, Professoren und Bauern eine geschlossene Phalanx für den Fortschritt bilden, zieht der »Michel« die Schlafmütze bis zum Bauchnabel über die Ohren, lügt sich selbst etwas in die Tasche, glaubt unerschütterlich an das Wirtschaftswunder, liest die »Bild-Zeitung« -- und geht ins Geschäft, zur Arbeit, zum Heiligsten, wo er hat. Hückeswagen (Nrdrh.-Westf.) ERNST DITTRICH Auch ich bedaure die Passivität, die Westdeutschlands Bürger bei den Demonstrationen unserer Jung-Akademiker an den Tag legen. Ihre Haltung ist jedoch bezeichnend für den westdeutschen Nachtwächterstaat« in dem der einzelne (Nachtwächter?) nur dann aus seinem Wirtschaftswunder-Wohlstandsschlaf erwacht, wenn er eine unmittelbare Gefahr für seine persönlichen Interessen sieht. Um dem Beispiel der Bürger Frankreichs zu folgen, die gegen die Staatsgewalt »mitmischten«, muß es uns erst sozial und wirtschaftlich so schlecht gehen wie diesen. Bis dahin, schlafe weiter und träume süß, Bürger Westdeutschlands! Duisburg HANNS-INGO KLÜTTERMANN Was heute in Frankreich geschieht, ist nur der Anfang einer Entwicklung, die uns allen bevorsteht. Ansätze dieser Entwicklung haben sich auch bereits bei uns gezeigt, infolge anderer Voraussetzungen aber waren die Auswirkungen verschieden. Das, was heute noch wie ein Studentenulk anmutet oder wie die Meinungsäußerung mit ihren Löhnen unzufriedener Arbeiter. wird -- und diese Entwicklung ist abzusehen -- bald nicht nur die Grundfesten jenes Establishments, gegen das sie gerichtet sind, erschüttern, sondern tiefschürfende Veränderungen auf staatlichem, kulturellem und sozialem Gebiet gebären. Ob diese Veränderungen ein Positivum für den Staat, für uns alle sein werden, scheint fraglich. Wengerohr (Nrdrh.-Westf.) ANTON MIESEN Polizeibeamter Eine Revolution in Deutschland ist aufgrund der geistigen Beschränktheit des SDS und seiner arbeiterfeindlichen Haltung unvorstellbar. Braunschweig H. HANKA In der Universitätsstadt Erlangen demonstrierten Studenten mit den Schlagzeilen: »In Frankreich streiken acht Millionen, und hier?« Aber wohl umsonst. Neubiberg (Bayern) RAINER KOESTER Leutnant Wenn es noch eines Beweises bedurft hätte, daß unsere »Christlich-Abendländischen Kultur« -- Paläste überaltert, baufällig und brüchig sind, so wurde er -- Gottes Wunder! -- jetzt geliefert! Ein kleiner, heimatloser Jude (Daniel Cohn-Bendit) brauchte nur, wie weiland Samson, ein wenig an den Säulen zu rütteln, um sie fast zum Einsturz zu bringen. Duisburg WILLERSEN Meine Empfehlung an meine französischen Freunde lautet: Macht aus den Gaullisten gute Sozialisten. Bochum (Nrdrh.-Westf.) D. INGENSCHAY »Charles de Gaulle« heißt meines Wissens etymologisch korrekt abgeleitet nicht »Karl von Gallien«, sondern jetzt auch passend »Karl aus dem Tale«. Köln I. KLEIN"
"23","0.7278139889240265","0.7278139889240265","0.2","Score: 2.0/10 - Der Text besteht aus Leserbriefen zur Philosophie Herbert Marcuses, die eine utopische bzw. dystopische Gesellschaft diskutieren. Es geht um politische Freiheit, Diktatur der Vernunft und Jugendproteste. Computerisierung, Automatisierung oder technologischer Wandel werden mit keinem Wort erwähnt. Der Text ist thematisch irrelevant für die spezifische Forschungsfrage.","Briefe","1967-09-10","https://www.spiegel.de/politik/neue-welt-a-c8032554-0002-0001-0000-000046462420?context=issue","(Nr. 3511967, SPIEGEL-Gespräch) Die »Gesellschaft ohne Krieg, ohne Grausamkeit, ohne Brutalität, ohne Unterdrückung, ohne Dummheit, ohne Häßlichkeit« -- wie Professor Marcuse sie fordert hat es schon oft gegeben, aber bisher leider immer bloß in der Literatur. Jetzt aber wird endlich was draus, denn Professor Marcuse zeigt uns den Weg: Die Pressefreiheit wird auf die »gesellschaftlich guten« Meinungen und Nachrichten beschränkt, ein ideologisch lupenreines Neo-Establishment programmiert in einer Erziehungsdiktatur der Wissenden den Menschen um und öffnet damit -- nach der unvermeidlichen Übergangsphase von unbestimmter Dauer -- die Pforten des neuen Paradieses. Als Programmierer von morgen bieten sich dann kraft ihrer Kenntnisse der Lehren Marcuses ganz zwanglos die Puddingwerfer von heute an. Die Welt kann endlich besser werden! Stuttgart DR. JUR. OTTO-WILHELM JAROBS Armer Professor Marcuse im Wolkenkuckucksheim! Seit mindestens 15 000 Jahren ist der Mensch ein Mistvieh ersten Ranges, das nur drei Triebfedern kennt: Geld, Sex und Macht. Und daran wird sich auch in den nächsten 15 000 Jahren nichts ändern. Der gute Mensch, der programmierte Mensch! Es ist zum Totlachen! Stuttgart GERHART GRÖNINGER Der Professor ist ein Denker. Das ist seine erste Stärke. Er ist auch ein Träumer. Das ist seine zweite Stärke. Die dritte fehlt: Das Bauernmädchen, das die Fahne packt und Orléans stürmt. So betrachtet, ist das Fazit gleich Null. Lemgo (Nrdrh.-Westf.) HERBERT GRÜNHAGEN Man darf es als Lichtblick am dunklen Horizont unserer Zukunft bewerten, wenn Herbert Marcuse heute gerade unter der Jugend zahlreiche Anhänger findet. Eine Diktatur der Vernunft, wie sie Marcuse aufzeigt, ist gar nicht so utopisch, wie es den Anschein hat, weil wir durchaus die Hoffnung hegen dürfen, daß genug junge Kräfte heranwachsen, welche nach und nach die Konservativen mit ihren längst überholten Moralbegriffen verdrängen werden. Oberlahnstein (Rhld.-Pfalz) HERBERT WEINER Professor Marcuses Ideen, in die Praxis umgesetzt, würden zur schlimmsten Unterdrückung der Menschheit führen, wie sie bisher in der Geschichte kein Beispiel hat. Die heranwachsende »Führergeneration« dieser Ideen sind dann Typen wie Dutschke und Teufel, alle anderen Menschen werden einer Gehirnoperation unterzogen oder zu ihrem »Heil« auf dem Verordnungsweg mit Rauschgiften gefüttert, um den geistigen Führern dieser neuen Welt als harmlose, jedoch freudige und willige Trottel dienstbar sein zu dürfen. SPIEGEL, »FAZ«, »Times« und die »Süddeutsche Zeitung« würden verboten werden. Die Hoffnung, daß wenigstens das »Passauer Bistumsblatt« erhalten bleibt, wäre gering. Aber die Zukunft hat schon begonnen, wenn die Verbreitung dieser gefährlichen Phantastereien durch amtlich besoldete Hochschullehrer erfolgen kann. Landau (Bayern) RICHARD PuscH Man muß dem SPIEGEL wirklich dankbar sein, daß er kurz hintereinander Interviews mit Dutschke und Marcuse brachte, denn einer ergänzt passend den anderen"
"24","0.7210258543491364","0.7210258543491364","0.2","Score: 2.0/10 - Der Text diskutiert ausschließlich das Thema der 'Bevölkerungsexplosion', Entwicklungshilfe und historische demografische Vergleiche. Es wird kein Bezug zu Computerisierung, Automatisierung oder technischem Wandel hergestellt. Die Begriffe und Konzepte der Forschungsfrage fehlen vollständig.","Briefe","1969-10-19","https://www.spiegel.de/politik/rund-um-die-welt-a-78fad99b-0002-0001-0000-000045520565?context=issue","(Nr. 41 und 42/1969, Claus Jacobi »Zwei zu eins gegen den Tod"") Vielen Dank für Ihren Artikel über die Bevölkerungsexplosion, Es wird höchste Zeit, daß die breite Masse, die zu sehr selbstzufrieden dahinlebt, mit diesem Problem konfrontiert wird. Die eigentliche Tragik ist, daß die reichen Völker nicht zusammentreten und in großem Ausmaße den unterentwickelten Massen helfen. Münster (Nrdrh.-Westf.) KARL FROMME stud, med. Soweit Herr Jacobi die Tatsachen der auf uns zukommenden Bevölkerungsdichten deutlich macht, muß man alles ja nur zu ungern bestätigen. Sobald er sich jedoch dazu verleiten läßt, die Ursachen einmal dem Rassismus, zum anderen uns schlechthin anzulasten. kann man ihm nicht mehr beipflichten. Solche Bücher sollten zwar ohne weiteres geschrieben werden, sie sind jedoch als Aufklärungsfibel zum Erhellen der Probleme der Bevölkerungsexplosion denkbar ungeeignet, zumal man aus dem Tenor von Herrn Jacobis Ausführungen schon bei den ersten Formulierungen herauslesen kann, daß bei ihm der Caritas-Gedanke und nicht das Charisma der Menschheit, die zu den Sternen findet, Pate gestanden hat. Hamburg RAINER MATT Die Serie entspricht zwar den Tatsachen, aber sie wollen die Deutschen doch nicht aus ihrem Wohlstandsphlegma aufrütteln. Ich verspürte den Drang in mir, die Verhältnisse zu ändern. Bin ich ein Utopist? Schließlich sind nicht einmal die Mächtigsten dieser Welt dazu in der Lage. Wahrscheinlich habe ich diesen Artikel in ein paar Tagen vergessen. Mein Gewissen werde ich durch eine Gabe für »Brot für die Welt« beruhigen. So machen es alle!! Meine (Nieders.) HANS HASE Ihr Artikel ist sicher einer der alarmierendsten Beiträge des SPIEGEL in der vergangenen Dekade. Aber er ist auch einer der unseriösesten! Die apokalyptischen Visionen Jacobis sind weniger Produkt wissenschaftlicher Einsichten als kulturpessimistischer Ideologie. Die noch gigantischere Bevölkerungsexplosion der Zukunft spielt sich in Jacobis üppiger Phantasie ab -- und auf seiner Graphik, auf der sich ein üppiger Wildwuchs des Homo sapiens trefflich darstellen läßt. Leider bleibt der historische Vergleich, welcher solche Schrecknisse bändigen könnte, außer acht: Europa hat seine Bevölkerungsexplosion im Zuge der Industrialisierung hinter sich gebracht; Länder, welche heute in der Phase der Industrialisierung stecken, wiederholen anscheinend unsere eigene demographische Entwicklung. Hamburg ADOLF HARTMANN stud. phil. Bereits der englische Priester Robert Malthus sagte um die Wende vom 18. bis 19. Jahrhundert der Menschheit den Hungertod durch ihre zu starke Vermehrung voraus. Seine Weissagung läßt unberücksichtigt, daß entgegen den Prognosen die Lebensmittelproduktion stärker angestiegen ist als das Wachstum der Erdbevölkerung. Die geschichtliche Erfahrung bietet uns mithin allen Grund zum Optimismus"
"25","0.7275726497173309","0.7275726497173309","0.1","Score: 1.0/10 - Kein Bezug zur Computerisierung oder Automatisierung. Der Text diskutiert demografische Entwicklungen, Gastarbeiter und Familienpolitik ohne jeden technologischen Kontext.","Briefe","1975-04-13","https://www.spiegel.de/politik/aufgeschoben-aufgehoben-a-83936eab-0002-0001-0000-000041558860?context=issue",". Die Deutschen sterben dann nicht aus, sondern kommen auf den Hund. z Z. Vaduz WERNER STEPPAT stud. soz. Immer mehr Frauen melden den Anspruch auf Beruf und Familienleben an. Sie fordern Service-Häuser: In ihnen wird .die Freiheit der Lebensgestaltung auch für Mütter verwirklicht. Es geht darum, die Kernfamilie mit eigenem Haushalt zu erhalten, aber gleichzeitig den Müttern die Möglichkeit zu geben, sich -- wenn sie es wünschen -- auch außerhalb des Hauses zu betätigen. Saarbrücken HILDE KRATZ Wer Kinder als »Fehlinvestitionen« und »nutzlose Fresser« betrachtet, sollte nicht vergessen, daß auch er eines Tages alt wird und dann Rente beansprucht. Köln HELFRIED JESCHKE Vater von vier Kindern Unser Staatsministerium hat keine »Voraussage« und keine »Prognose« aufgestellt, sondern ausdrücklich nur eine Berechnung unter Zugrundelegung bestimmter Daten vorgenommen. Diese Modellrechnungen ergeben, daß von der Mitte der neunziger Jahre an ein rapider Bevölkerungsschwund einsetzen wird, sofern die Fruchtbarkeit nicht wieder erheblich ansteigt. Diese Konditionalaussage ist ebensowenig eine »Horror-Vision« wie etwa ein Verkehrsschild, das eine gefährliche Kurve ankündigt; in beiden Fällen soll rechtzeitiger Hinweis Schaden verhindern. München HEINZ SCHMIDT Bayerisches Staatsministerium für Landesentwicklung und Umweltfragen Auf keinen Fall zeugt es von Weitsichtigkeit, wenn man bei leichtem Absinken einer bestehenden Überpopulation gleich die Utopie eines aussterbenden Volkes an die Wand malt. Wir sollten das Schrumpfen freudig begrüßen. Verschwinden oder vermindert würde das Überbevölkerungssyndrom aus Aggression, Streß, Kriminalität, Neurosen und Ähnlichem. Gießen JOCHEN TAMM stud. bio. Wer will seinen Kindern schon Sorgen, Verzicht und Ärger aufladen. Ex oriente lux. Diesen alten lateinischen Spruch werden Sie kennen; von Osten kommt die Erleuchtung, von Osten wird uns noch einiges widerfahren. München KLAUS-DIETER SIEGMANN Sie haben das Extreme noch nicht einmal geschildert! In Berlin-Kreuzberg beträgt der Ausländeranteil ungefähr 25 Prozent, der Anteil der Geburten bei Ausländern aber 1974 bereits 64,4 Prozent (1973: 56,7 Prozent). Wird in sechs Jahren in 50 Prozent der Grundschulen türkisch gesprochen? Wenn wir unsere Gastarbeiter in Kreuzberg wirklich integrieren, dann dürfte der Bürgermeister nach drei Legislaturperioden einen anatolischen Vater haben. Bestimmt kein »Untergang des Abendlandes«! Soll aber dazu »ex oriente lux« jubiliert werden? Berlin DR. MED. K. H. FRIED Medizinaldirektor So, nur Gastarbeiter sorgen noch für einen Baby-Überschuß. Und warum sind die Babies nicht die Deutschen bei Geburt? In dem Fall hättet ihr mindestens einige frischen Genes gekriegt. Unsere Astrid ist »made in Germany«, (Giessen, wo ihr Jugo-Papa ein Tierarzt wurde) aber zur Welt kam sie in sonnigen Kalifornien und ist kein Gastarbeiter-Kind. Los Angeles DR"
"26","0.7265840172767639","0.7265840172767639","0.1","Score: 1.0/10 - Kein erkennbarer Bezug. Diskussion einer Wirtschaftsprognose und statistischer Berechnungen ohne Erwähnung von Technologiewandel oder damit verbundenen Hoffnungen/Ängsten.","Briefe","1967-06-04","https://www.spiegel.de/politik/irrige-darstellung-a-c4e824c6-0002-0001-0000-000046251937?context=issue",". Als Beweis dafür gilt das einer Fußnote (auf Seite 245) entnommene Zitat, »Es muß dem Leser überlassen bleiben, sich Gedanken darüber zu machen, wie eine solche (mögliche) Entwicklung über das rein Materielle hinaus auch die politischen Aussichten ... beeinflussen würde«. Kann der Rezensent aber Wirklich nur übersehen haben, daß die berechtigte Erwartung des Lesers auf eine eingehende Prognose der zukünftigen Wirtschaftsentwicklung ihm keinesfalls vorenthalten, sondern im letzten und längsten Buchkapitel unter dem eindeutig-klaren Titel »Versuch einer Prognose« auf vollen 42 Seiten präsentiert wird? Und daß in dessen Rahmen auch für jedes der Jahre von 1963 bis 1970 präzise Zahlenangaben über die voraussichtliche Entwicklung von Nationaleinkommen, Investitionen und persönlichem Lebensstandard gegeben werden, während schließlich noch vier Alternativvoraussagen für die verhältnismäßige Entwicklung diesseits und jenseits der Mauer präzisiert werden? (Diese Tabellen finden sich auf den Seiten 227, 229, 244.) Berlin DR. HANS APEL"
"27","0.7249772250652313","0.7249772250652313","0.1","Score: 1.0/10 - Kein Bezug. Kritik an Umweltschutz und Wirtschaftsprioritäten, aber keine Erwähnung von Computerisierung oder Automatisierung.","Briefe","1971-05-30","https://www.spiegel.de/politik/umweltschutzpfennig-a-a49588da-0002-0001-0000-000043243114?context=issue",". der allen zugute kommt. Bremen A. RUBELING Die wohl etwas optimistischen Ausführungen meines verehrten Lehrers H. H. Rupp geben mir Anlaß zu einer pessimistischeren Deutung der Dinge. Rupps »rationales diskutierfähiges (Prioritäten-)Programm« wird angesichts einer ach so armen Volkswirtschaft, deren Prioritäten-Programm bisher immer darin bestand -- und wohl auch immer darin bestehen wird -, erst einmal riesige Unternehmergewinne zu erwirtschaften, zur Farce werden, die allenfalls dazu dienen könnte, eine über dem Thema Umweltschutz hellhörig gewordene Öffentlichkeit mehr oder weniger zu beruhigen. Was sollen bei den geschilderten Interessen, die sich über geltendes und zwingendes Recht kraft Kapital und eigener Herrlichkeit hinwegsetzen, harmlose »wissenschaftliche Beratungsstellen«?! Fürstenfeldbruck H.-P. KAISER stud. jur."
"28","0.7248367667198181","0.7248367667198181","0.1","Score: 1.0/10 - Kein Bezug. Debatte über Steuerpolitik, Vermögensbildung und soziale Gerechtigkeit ohne jeden technologischen Kontext.","Briefe","1970-07-26","https://www.spiegel.de/politik/anderer-leute-geld-nr-29-1970-bonn-steuererhoehung-a-67b2acbc-0002-0001-0000-000044916146?context=issue","Die Gerechtigkeit sieht dann so aus, daß die Arbeitnehmer zu Zwangssparern werden, während die Arbeitgeber die Investitionen kürzen. Ob oder wie hoch die Gewinne, hier die tatsächlichen, geringer werden, davon wird nicht gesprochen. Duisburg KLAUS-DIETER MEYER Diese Heuchler in Bonn! Geld wollen doch die Politiker nach Bonn fließen lassen -- es wird ja dort dringend gebraucht! Was soll also das Gerede von Konjunkturdämpfung. Schmackhafte Begründungen für die eigene Habgier. Flensburg K. ANTONI Auf Grund der von der Wahl propagierten Vermögensbildung in Arbeitnehmerhand und Haushalt, finde ich diesen Anfang einfach herrlich.« Endlich.« Damit das Vermögen nicht zu üppig ins Kraut steigt und keine Springerkonzerne entstehen, fangen wir erstmal ohne Kies an. Münster RUDI MÖLLERS Angesichts des Gekeifes, des Anspruchsgejaules sämtlicher Interessengruppen, sobald irgendwelche Maßnahmen zur Gesundung der Volkswirtschaft geplant werden, ist es deprimierend, an das geflügelte Wort aus unseliger Zeit erinnern zu müssen: »Gemeinnutz geht vor Eigennutz!« Was sind wir für ein Volk? Sind wir staatsunfähig? Nur ein Zufallshaufe von Konsumenten? Haben gute Grundsätze bei uns nur dann Aussicht auf Erfolg, wenn ein Diktator sie benutzt, um ein Volk damit zu ködern? Neuß (Nrdrh.-Westf.) THERESE JANITZKY Es ist ein Schimpf und eine Schande, ja geradezu eine Verhöhnung der auf soziale Gerechtigkeit wartenden Arbeitnehmerschaft, die am Beutel geschnitten wird zu einer Zeit, da die Unternehmer die höchsten Gewinne aller Zeiten einstreichen; zu einer Zeit, da ausgerechnet Sozialdemokraten am Ruder sind. Das ist grotesk hoch drei! Köln A. SCHMEISSER Keine Maßnahme unserer Regierung kann unseren seit Jahr und Tag im Wohlstand fast erstickenden Bundesbürger so aus der Fassung bringen wie eine Steuererhöhung. Sind wir in unserer materiellen Gier bereits schon so »dumm« geworden, um anzunehmen, daß es unserem Staat ein »Vergnügen« ist, wenn er zur Abwehr einer drohenden Krise solche Wege beschreitet? Nur müssen diese »Lasten« gleichmäßig verteilt werden -- der Arbeitgeber sowohl als auch der Arbeitnehmer müssen ihren Kräften entsprechend in diese Maßnahmen einbezogen werden. Wolfsburg LOUIS KUMMER Wegen zehn Prozent Steuervorauszahlung wird unsere gut ernährte Bevölkerung nicht darben müssen, jedoch sollte sie sich wehren, falls die CSU-Opposition in bajuwarischer Kampflust ihre Angriffswut weiterhin steigert und Verwirrung verbreitet, das sind Methoden aus den dreißiger Jahren. Karlsruhe MARIA NAGEL-MATTERSTOCK Wir haben jetzt noch 2,5 Millionen Kriegsopfer gegenüber früheren 4,5 Millionen. Aber die Versorgungsämter bauen nicht ab. Ebenso ist es mit den »Arbeitsämtern, denen für ihre Verwaltungsapparatur doch jetzt eigentlich die Arbeitslosen fehlen müßten. Daher sparen, sparen und nochmals sparen! Nicht bei den Lohnsteuerzahlern, sondern beim öffentlichen Dienst"
"29","0.7242085337638855","0.7242085337638855","0.1","Score: 1.0/10 - Kein Bezug. Diskussion über Revolution, gesellschaftlichen Wandel und politische Theorie, ohne Bezug zu technologischem Wandel.","Briefe","1967-08-13","https://www.spiegel.de/politik/abc-schuetzen-a-9a8c25fd-0002-0001-0000-000046351630?context=issue",". »Evolution« nicht Revolution. z. Z. Heyst (Belgien) WILHELM SEIDEL O weh, o weh, erst von Thadden und nun Dutschke -- für mich haben Sie die gleiche Wirkung: Mein Magengeschwür brennt mehr als sonst. Kaarst (Nrdrh.-Westf.) JÜRGEN R. KETTLER Als Dutschke neulich in Heidelberg dozierte, waren sie in Massen gekommen, um sich von der Brillanz Dutschkescher Ideologiewörter-Eloquenz beeindrucken zu lassen. Wie sich die Worte doch so soziologisch-gelehrt setzen lassen, raunten die Damen und dachten bei sich, wenn meiner doch nur so reden könnte! Die Kommilitonen erkannten nunmehr ihre gesellschaftliche Aufgabe, Tausende waren für die Idee einer neuen Gesellschaft dazugewonnen. Tags drauf begegneten sie fassungslos den zu verändernden Verhältnissen, denn Dutschke hatte vergessen, ihnen zu sagen, was denn eigentlich zu tun sei. Daß die Diskussion über Umwälzung der Gesellschaft nicht lange wachgehalten werden wird, werden nicht die sogenannten etablierten Kräfte verhindern, sondern die Fähigkeit der Menschen, unter anderem auch immer dann zu ermüden, wenn Monotonien und Stereotypien auf sie einwirken; deswegen wird Herr Dutschke nicht mehr lange mit Erfolg die Umwälzung der Gesellschaft predigen. Heidelberg (Bad.-Württ.) GERHARD RUDNITZKI Es ist ja leicht, jedem Versuch, die bestehenden Verhältnisse zu ändern, seine Aussichtslosigkeit vorzuhalten. Gerade Sie, Herr Augstein, als Herausgeber des SPIEGEL, als eine der wenigen gewichtigen Stimmen der Opposition mit einiger Breitenwirkung, hätten damit Ihren eigenen Absichten (dem »tödlichen Bonner Zyklus« zu entrinnen) und der Sache besser gedient. Denn diese intellektuelle, allgemeine Unzufriedenheit, nahe bei der Resignation -- das ist doch längst ein gutes Möbelstück in der bundesrepublikanischen Puppenstube geworden! Sie nehmen leider die typische väterliche Haltung ein, die da sagt: »Erst zeigt uns mal was Konkretes vor, dann sind wir natürlich dabei!« Und die dabei denkt (oder wie Sie: vorher beweist), daß es dies Konkrete ja doch nicht gibt. Berlin REINHARD RUMMEL Cand. phil. Augstein beweist über mehrere Spalten die Unmöglichkeit einer Revolution zu dieser Zeit in Deutschland, eine Schlußfolgerung, der alle modernen Revolutionstheoretiker zustimmen würden, aber er fragt nicht, ob sie überhaupt wünschenswert sei. Dabei zeigen doch alle seit 50 Jahren um uns herum passierten Revolutionen von unten, von oben oder von außen eines deutlich: Sie produzieren wohl viel Leid und materielle Verluste, ändern aber im Grunde nichts. Nach einer Periode der Unsicherheit, in der sich niemand wohlfühlt, etabliert sich wiederum eine herrschende Schicht, von der vorhergehenden nur dadurch unterschieden, daß ihr das gewachsene Selbstbewußtsein fehlt und sie daher einen unberechenbaren Hang zum Selbstbeweis auf Kosten der Schwächeren hat. Essen DR.-ING"
"30","0.7226628959178925","0.7226628959178925","0.1","Score: 1.0/10 - Kein Bezug. Diskussion über Wirtschaftswachstum, Umweltzerstörung und Konsumgesellschaft ohne Erwähnung von Computerisierung oder Automatisierung.","Briefe","1973-01-21","https://www.spiegel.de/politik/verrat-der-konservativen-a-567cd33a-0002-0001-0000-000042713773?context=issue","(Nr. 2/1973, SPIEGEL-Titel über Wachstum) Es fehlt noch das neue, ebenfalls absturzwillige Großraumflugzeug (auf Ihrem Titelbild). Bei seinem Absturz wird es Menschen regnen. Berlin KLAUS SPLIETHOFF Es tut mir leid, aber Herrn Degkwitz' Titelentwurf entspricht in keiner Weise den Vorschriften des Deutschen Abwasserverbandes. Zudem ist er eine Verunglimpfung des Klempnerhandwerks. So schlampig arbeiten wir nicht. Allensbach J. GILDHOFF Der Baum der Zerstörung, der auf dem Titelbild über der Eigenheimidylle wuchert, scheint -- so jedenfalls will es die dazugehörige Geschichte weismachen -- so schlimm auch wieder nicht zu sein. Leider geht es aber nicht nur darum, wieviel Tonnen Schwefeldioxid in den Himmel gepumpt werden (was gewiß teuflisch genug ist), es geht doch in erster Linie um die Ursachen, die diesen Wachstumsfetischismus etablieren halfen, um Absatzgier und Profitsucht. Was not tut, sind nicht nur Entgiftungsanlagen für Industrieabfälle, sondern auch der Kampf gegen die Konsumidiotie, von der viele offensichtlich befallen sind, eine Umorientierung der Produktion auf Dinge, die der Bevölkerung nützt. nicht der Industrie. Ein zweites: Die »Heroen des Fortschritts«, die Unternehmer, Manager und so weiter, die hauptsächlich für die chaotischen Fehlentwicklungen verantwortlich sind, haben mehr Möglichkeiten, den Folgen eben dieser Entwicklungen zu entrinnen als einer, der gerade seinen Lebensunterhalt verdient. Darum ist es auch kein Widerspruch, wenn ausgerechnet die konservative Oberschicht um die letzten Flecken Natur bangt (wenn auch nichts für deren Reservierung tut). Genau dieses Verhalten nannte Carl Amery einmal den »Verrat der Konservativen«. Regensburg ERNST ENDT Unsere BRD-Einkaufs-, Freß-, Sauf-, Rauch- und Wegwerfgesellschaft wird langsam einsehen müssen, daß Wohlstand, Wachstum und Fortschritt nur für einen sehr hohen Preis zu haben sind. Bonn Willi HERFS Ich bin sicher nicht gemeint ... ich fühle mich nicht betroffen! Ich habe ein relativ gutes Einkommen, eine schöne Wohnung (mit »erstklassiger« Ehefrau und Kind), Kühlschrank, Gefriertruhe, Farbfernsehen, Waschmaschine, Kleinauto (Kadett), Wohnwagen, Plattenspieler und einiges andere mehr. Es geht mir gut! Trotzdem habe ich durchaus nicht das Gefühl, im Wohlstand zu ersticken; im Gegenteil, ich -- oder besser gesagt, wir -- haben noch genügend Wünsche offen, die an den fehlenden »Pfennigen« scheitern. Mainz HANS KÖHLER Eine Heilige Allianz von Träumern, Predigern. Privilegierten will die kleinen Leute hindern, zu tun, was im Leben Spaß macht, um elitäre Positionen zu sichern! Der SPIEGEL hat es entdeckt und bringt es fertig, Zusammenhänge zu zersplittern, ernsthafte Fragestellungen zu personifizieren: wie gehabt. Ob nicht auch der Gedanke das Team durchzuckte, daß die Wachstumsbeschränkung am ehesten die Diskussion um Gleichheit oder Privilegien aufwirft? Oder hat man an die Anzeigen von »Höher-Schneller-Weiter« gedacht"
